date,open,high,low,close,volume,amount,outstanding_share,turnover,change,pct_chg,amplitude
2023-03-06,15.45,15.52,15.11,15.17,15892806.0,254388577.0,1117272310.0,0.014224648599767051,,,
2023-03-07,15.14,15.18,14.68,14.73,16199961.0,252568696.0,1117272310.0,0.014499563673962348,-0.4399999999999995,-2.9004614370467974,3.2959789057350033
2023-03-08,14.72,16.04,14.66,15.77,56037149.0,918811768.0,1117272310.0,0.050155318894460024,1.0399999999999991,7.060420909708065,9.368635437881867
2023-03-09,15.74,15.9,15.37,15.62,35129676.0,573343759.0,1117272310.0,0.03144235804071793,-0.15000000000000036,-0.9511731135066648,3.360811667723533
2023-03-10,15.38,16.94,15.38,16.52,90756810.0,1556067374.0,1117272310.0,0.0812306983603666,0.9000000000000004,5.7618437900128106,9.987195902688864
2023-03-13,16.61,17.27,15.99,16.89,87282279.0,1523188876.0,1117272310.0,0.07812086473350441,0.370000000000001,2.2397094430992803,7.7481840193704565
2023-03-14,16.94,17.53,16.8,16.98,71479089.0,1282895850.0,1117272310.0,0.06397642576499546,0.08999999999999986,0.5328596802841812,4.3220840734162245
2023-03-15,17.02,17.39,16.58,16.64,42785097.0,754108000.0,1117272310.0,0.038294242698988935,-0.33999999999999986,-2.0023557126030656,4.770318021201427
2023-03-16,16.43,16.99,16.14,16.5,37929148.0,655199643.0,1117272310.0,0.03394798891954997,-0.14000000000000057,-0.8413461538461564,5.108173076923063
2023-03-17,16.73,18.14,16.63,17.87,75548396.0,1388901892.0,1117272310.0,0.06761860588847853,1.370000000000001,8.303030303030301,9.151515151515161
2023-03-20,17.96,18.8,17.8,18.44,76236350.0,1462021417.0,1117272310.0,0.06823435013797129,0.5700000000000003,3.1897034135422553,5.595970900951315
2023-03-21,18.3,18.41,17.75,18.05,42782664.0,807327130.0,1117272310.0,0.038292065074091025,-0.39000000000000057,-2.1149674620390524,3.5791757049891544
2023-03-22,18.12,19.45,17.84,19.26,56309251.0,1102508760.0,1117272310.0,0.050398860238467735,1.2100000000000009,6.7036011080332525,8.919667590027696
2023-03-23,18.9,19.9,18.82,19.43,47328713.0,956444211.0,1117272310.0,0.042360946902908564,0.16999999999999815,0.8826583592938642,5.6074766355140095
2023-03-24,19.19,19.51,18.33,19.21,49209293.0,977578901.0,1117272310.0,0.04404413548922554,-0.21999999999999886,-1.1322696860524895,6.073082861554314
2023-03-27,18.92,19.57,17.76,17.96,66008132.0,1268199752.0,1117272310.0,0.059079717101375225,-1.25,-6.5070275897969765,9.422175950026022
2023-03-28,18.32,18.64,17.6,18.19,49604658.0,943919702.0,1117272310.0,0.04439800177272808,0.23000000000000043,1.2806236080178168,5.790645879732734
2023-03-29,18.03,18.42,17.46,17.87,39809884.0,748245109.0,1117272310.0,0.03563131713163105,-0.3200000000000003,-1.7592083562396943,5.277625068719081
2023-03-30,17.81,18.57,17.59,17.76,41246062.0,779333650.0,1117272310.0,0.036916749507557384,-0.10999999999999943,-0.615556799104644,5.484051482932291
2023-03-31,17.57,18.28,17.37,18.1,32852110.0,613234937.0,1117272310.0,0.02940385231600343,0.33999999999999986,1.9144144144144226,5.123873873873874
2023-04-03,18.0,18.09,16.89,17.69,67366334.0,1230865229.0,1117272310.0,0.06029535807613454,-0.41000000000000014,-2.265193370165741,6.629834254143642
2023-04-04,17.45,17.63,16.89,17.01,58296762.0,1048193095.0,1117272310.0,0.052177756020821815,-0.6799999999999997,-3.843979649519502,4.183154324477097
2023-04-06,17.23,18.71,17.22,18.71,92986743.0,1772497972.0,1117272310.0,0.08322657079006997,1.6999999999999993,9.994121105232212,8.75955320399766
2023-04-07,19.1,20.58,18.37,20.58,109618934.0,2236941087.0,1117272310.0,0.09811299628467478,1.8699999999999974,9.9946552645644,11.811865312667008
2023-04-10,20.62,20.71,19.09,19.16,78063372.0,1625369913.0,1117272310.0,0.06986960233535189,-1.4199999999999982,-6.899902818270154,7.871720116618082
2023-04-11,18.91,20.48,18.91,19.7,63001736.0,1300062359.0,1117272310.0,0.05638888159682397,0.5399999999999991,2.8183716075156573,8.194154488517746
2023-04-12,20.05,21.19,19.81,20.88,72993695.0,1576354159.0,1117272310.0,0.06533205409878994,1.1799999999999997,5.98984771573603,7.005076142131992
2023-04-13,20.43,20.52,19.46,19.57,60326515.0,1259289053.0,1117272310.0,0.053994459953992775,-1.3099999999999987,-6.273946360153248,5.076628352490416
2023-04-14,19.38,19.81,18.71,19.24,42363342.0,850277284.0,1117272310.0,0.03791675639039153,-0.33000000000000185,-1.6862544711292893,5.620848237097587
2023-04-17,18.98,18.98,18.37,18.62,27910982.0,545093399.0,1117272310.0,0.024981360184250876,-0.6199999999999974,-3.2224532224532143,3.1704781704781677
2023-04-18,18.63,18.83,18.23,18.72,33127000.0,644023565.0,1117272310.0,0.029649889023026087,0.09999999999999787,0.5370569280343629,3.222341568206218
2023-04-19,18.8,19.85,18.52,19.14,52523557.0,1059126995.0,1117272310.0,0.04701052422931702,0.4200000000000017,2.243589743589758,7.104700854700866
2023-04-20,18.96,19.74,18.81,19.67,41262545.0,836065411.0,1117272310.0,0.03693150240159447,0.5300000000000011,2.769070010449326,4.858934169278995
2023-04-21,19.49,19.67,17.7,17.73,49184911.0,949492880.0,1117272310.0,0.044022312698325086,-1.9400000000000013,-9.862735129639056,10.01525165226234
2023-04-24,17.0,17.2,16.17,16.42,50281101.0,873666124.0,1117272310.0,0.045003443251896216,-1.3099999999999987,-7.388606880992665,5.809362662154527
2023-04-25,16.36,16.37,15.3,15.6,41271085.0,679536496.0,1117272310.0,0.03693914601714241,-0.8200000000000021,-4.9939098660170655,6.51644336175396
2023-04-26,15.54,15.62,14.97,15.17,25091919.0,401179606.0,1117272310.0,0.022458194636542993,-0.4299999999999997,-2.7564102564102577,4.166666666666657
2023-04-27,15.17,15.42,14.92,15.09,19117670.0,303076653.0,1117272310.0,0.017111021036581495,-0.08000000000000007,-0.5273566249175965,3.2959789057350033
2023-04-28,15.01,15.74,15.01,15.67,22211561.0,360710692.0,1117272310.0,0.019880167799021173,0.5800000000000001,3.8436050364479835,4.837640821736252
2023-05-04,15.47,15.71,14.61,14.9,27402226.0,431119836.0,1117272310.0,0.024526004766018055,-0.7699999999999996,-4.913848117421827,7.019783024888331
2023-05-05,14.97,15.03,14.08,14.6,32086901.0,486809038.0,1117272310.0,0.028718961986984176,-0.3000000000000007,-2.0134228187919545,6.375838926174492
2023-05-08,14.58,15.14,14.37,15.02,27223939.0,420523459.0,1117272310.0,0.024366431313419017,0.41999999999999993,2.876712328767117,5.273972602739736
2023-05-09,14.89,15.54,14.67,14.97,29823457.0,472718398.0,1117272310.0,0.026693095974069204,-0.049999999999998934,-0.3328894806923999,5.792276964047931
2023-05-10,15.0,15.32,14.84,15.24,20437820.0,324247077.0,1117272310.0,0.018292604065341958,0.2699999999999996,1.8036072144288484,3.206412825651305
2023-05-11,15.29,15.96,15.09,15.9,33149642.0,544910821.0,1117272310.0,0.029670154449634573,0.6600000000000001,4.330708661417315,5.708661417322841
2023-05-12,15.75,15.9,15.34,15.45,23582396.0,384902600.0,1117272310.0,0.02110711577556236,-0.45000000000000107,-2.8301886792452935,3.5220125786163554
2023-05-15,15.49,15.56,14.8,15.25,18372686.0,289521762.0,1117272310.0,0.01644423282986401,-0.1999999999999993,-1.2944983818770184,4.919093851132685
2023-05-16,15.22,15.72,14.84,15.57,23083002.0,369557105.0,1117272310.0,0.020660139693249892,0.3200000000000003,2.0983606557376966,5.770491803278693
2023-05-17,15.39,15.57,15.23,15.39,16621350.0,267370402.0,1117272310.0,0.014876722399036275,-0.17999999999999972,-1.1560693641618491,2.18368657675016
2023-05-18,15.58,15.82,15.4,15.69,19132134.0,309947779.0,1117272310.0,0.017123966851017726,0.29999999999999893,1.9493177387914118,2.7290448343079916
2023-05-19,15.69,16.16,15.62,16.13,23230885.0,384034080.0,1117272310.0,0.02079250044243914,0.4399999999999995,2.8043339706819603,3.4416826003824155
2023-05-22,16.09,16.11,15.74,15.79,14278633.0,234190981.0,1117272310.0,0.012779904122030913,-0.33999999999999986,-2.1078735275883442,2.2938623682579
2023-05-23,15.81,15.85,15.08,15.08,18459584.0,292319525.0,1117272310.0,0.016522009750693633,-0.7099999999999991,-4.496516782773908,4.876504116529447
2023-05-24,15.14,15.34,14.97,15.1,11127030.0,174336793.0,1117272310.0,0.009959102987167023,0.019999999999999574,0.13262599469496816,2.4535809018567587
2023-05-25,15.09,15.43,14.99,15.27,10992500.0,172746933.0,1117272310.0,0.009838693666363217,0.16999999999999993,1.1258278145695355,2.9139072847682086
2023-05-26,15.37,15.61,15.24,15.31,12506349.0,198802798.0,1117272310.0,0.011193644457186985,0.040000000000000924,0.2619515389652882,2.4230517354289405
2023-05-29,15.32,15.37,14.85,14.96,18427576.0,286954639.0,1117272310.0,0.016493361408016993,-0.34999999999999964,-2.286087524493796,3.396472893533635
2023-05-30,14.89,15.21,14.72,15.21,14184408.0,220374013.0,1117272310.0,0.01269556926547298,0.25,1.6711229946523964,3.275401069518718
2023-05-31,15.29,16.38,15.29,16.08,39949487.0,661795065.0,1117272310.0,0.03575626697487921,0.8699999999999974,5.719921104536474,7.166337935568704
2023-06-01,15.86,17.69,15.75,17.69,73592664.0,1306042951.0,1117272310.0,0.06586815348533967,1.610000000000003,10.012437810945297,12.064676616915431
2023-06-02,18.21,19.46,18.11,19.46,99184949.0,1959123805.0,1117272310.0,0.08877419418010996,1.7699999999999996,10.005652911249285,7.631430186546079
2023-06-05,19.22,19.92,18.85,19.66,79683645.0,1595628593.0,1117272310.0,0.07131980653847941,0.1999999999999993,1.0277492291880685,5.498458376156219
2023-06-06,18.9,19.91,18.37,18.99,82563882.0,1622498534.0,1117272310.0,0.07389772507653036,-0.6700000000000017,-3.407934893184139,7.833163784333667
2023-06-07,19.04,20.07,18.76,19.57,74691001.0,1499421893.0,1117272310.0,0.06685120568324118,0.5800000000000018,3.0542390731964186,6.8983675618746645
2023-06-08,19.33,20.01,18.34,18.96,59520080.0,1162822556.0,1117272310.0,0.05327267083169724,-0.6099999999999994,-3.1170158405723014,8.53346959632091
2023-06-09,18.75,18.85,18.15,18.65,42480436.0,812179415.0,1117272310.0,0.03802155984694546,-0.3100000000000023,-1.6350210970464296,3.691983122362884
2023-06-12,18.67,18.94,18.34,18.66,33670959.0,648153767.0,1117272310.0,0.030136752426988905,0.010000000000001563,0.05361930294907058,3.217158176943707
2023-06-13,18.51,18.79,18.23,18.42,35042104.0,669616659.0,1117272310.0,0.03136397786498441,-0.23999999999999844,-1.2861736334405016,3.0010718113611934
2023-06-14,18.4,18.58,17.93,18.17,45991368.0,865206314.0,1117272310.0,0.04116397371380304,-0.25,-1.357220412595006,3.528773072747006
2023-06-15,18.15,18.43,17.88,17.98,32020765.0,599266023.0,1117272310.0,0.028659767823298155,-0.19000000000000128,-1.0456796917996725,3.0269675288937847
2023-06-16,17.84,18.19,17.71,18.16,35729680.0,667326229.0,1117272310.0,0.0319793837905103,0.17999999999999972,1.0011123470522687,2.6696329254727496
2023-06-19,18.18,18.64,17.84,18.0,44813380.0,841120043.0,1117272310.0,0.04010963092784426,-0.16000000000000014,-0.8810572687224627,4.405286343612339
2023-06-20,17.94,18.46,17.75,18.44,48200205.0,905925016.0,1117272310.0,0.043140964444021705,0.4400000000000013,2.444444444444449,3.944444444444449
2023-06-21,18.46,18.46,16.6,16.6,63511697.0,1117627343.0,1117272310.0,0.056845315534580824,-1.8399999999999999,-9.97830802603037,10.08676789587852
2023-06-26,15.75,15.75,14.93,14.93,54675448.0,861866457.0,1117272310.0,0.04893654618541473,-1.6700000000000017,-10.060240963855428,4.939759036144579
2023-06-27,15.06,15.5,15.05,15.26,28044631.0,443258065.0,1117272310.0,0.02510098097750225,0.33000000000000007,2.2103148024112507,3.014065639651703
2023-06-28,15.22,15.36,14.58,15.16,23603072.0,365813891.0,1117272310.0,0.021125621559528313,-0.09999999999999964,-0.6553079947575369,5.111402359108777
2023-06-29,15.18,15.33,14.92,15.27,20268282.0,317873703.0,1117272310.0,0.01814086129101329,0.10999999999999943,0.7255936675461649,2.7044854881266502
2023-06-30,15.32,15.69,15.23,15.63,25361303.0,406348520.0,1117537310.0,0.022693920617290173,0.3600000000000012,2.3575638506876384,3.0124426981008456
2023-07-03,15.49,15.59,15.21,15.32,19096618.0,303333155.0,1117537310.0,0.01708812567519558,-0.3100000000000005,-1.9833653230966086,2.4312220089571275
2023-07-07,15.51,15.52,14.42,14.96,22765494.0,350552378.0,1117537310.0,0.020371126580104964,-0.35999999999999943,-2.3498694516971286,7.180156657963444
2023-07-10,14.8,14.96,14.51,14.67,18851094.0,286605095.0,1117537310.0,0.01686842473295142,-0.2900000000000009,-1.9385026737967936,3.0080213903743385
2023-07-11,14.6,15.08,14.54,15.03,19446044.0,299834817.0,1117537310.0,0.017400800694519988,0.35999999999999943,2.4539877300613355,3.680981595092031
2023-07-12,15.04,15.1,14.6,14.61,16698007.0,255519804.0,1117537310.0,0.014941789281290304,-0.41999999999999993,-2.7944111776447067,3.3266799733865606
2023-07-13,14.64,14.84,14.49,14.67,17130901.0,259848966.0,1117537310.0,0.01532915352955867,0.0600000000000005,0.4106776180698102,2.3956194387405865
2023-07-14,14.67,14.95,14.56,14.78,13728170.0,209910183.0,1117537310.0,0.012284305747250621,0.10999999999999943,0.749829584185413,2.6584867075664538
2023-07-17,14.74,14.85,14.58,14.7,9513348.0,144333335.0,1117537310.0,0.008512778870890672,-0.08000000000000007,-0.5412719891745632,1.826792963464138
2023-07-18,14.69,14.82,14.58,14.78,8889890.0,135425917.0,1117537310.0,0.00795489324647246,0.08000000000000007,0.5442176870748217,1.6326530612244914
2023-07-19,14.79,15.22,14.77,15.16,18724280.0,291156574.0,1117537310.0,0.016754948432102013,0.3800000000000008,2.571041948579156,3.0446549391069087
2023-07-20,15.13,15.18,14.89,15.05,11307414.0,175625258.0,1117537310.0,0.010118153460129219,-0.10999999999999943,-0.7255936675461649,1.9129287598944535
2023-07-21,15.03,15.22,14.87,15.16,10230517.0,159934311.0,1117537310.0,0.009154519413763466,0.10999999999999943,0.73089700996678,2.3255813953488467
2023-07-24,15.22,15.43,15.05,15.08,10903096.0,171697228.0,1117537310.0,0.009756359722790821,-0.08000000000000007,-0.527704485488123,2.506596306068595
2023-07-25,15.27,15.36,15.09,15.28,12903449.0,203287111.0,1117537310.0,0.011546325017103903,0.1999999999999993,1.3262599469495928,1.7904509283819598
2023-07-26,15.24,15.24,14.86,14.96,10167053.0,157964000.0,1117537310.0,0.009097730258330257,-0.3199999999999985,-2.094240837696326,2.486910994764403
2023-07-27,14.89,15.05,14.66,15.01,13420437.0,206225069.0,1117537310.0,0.012008938654585053,0.049999999999998934,0.33422459893046597,2.6069518716577575
2023-07-28,14.88,15.01,14.74,14.9,10271542.0,158527194.0,1117537310.0,0.00919122959751563,-0.10999999999999943,-0.7328447701532292,1.798800799467019
2023-07-31,14.92,15.02,14.82,14.95,11177952.0,172806651.0,1117537310.0,0.010002307663446154,0.049999999999998934,0.3355704697986406,1.342281879194626
2023-08-01,14.98,14.98,14.6,14.7,12108950.0,184512865.0,1117537310.0,0.01083538767936079,-0.25,-1.6722408026755842,2.541806020066895
2023-08-02,14.63,14.76,14.61,14.7,5494434.0,83554166.0,1117537310.0,0.004916555313933993,0.0,0.0,1.0204081632653086
2023-08-03,14.61,14.71,14.31,14.35,15772147.0,235770059.0,1117537310.0,0.014113306874738706,-0.34999999999999964,-2.3809523809523836,2.7210884353741522
2023-08-04,14.46,14.97,14.39,14.89,20065727.0,306705385.0,1117537310.0,0.017955308355655706,0.5400000000000009,3.7630662020905925,4.041811846689896
2023-08-07,14.83,14.91,14.74,14.84,7700117.0,118059355.0,1117537310.0,0.006890254966073571,-0.05000000000000071,-0.335795836131636,1.1417058428475482
2023-08-08,14.82,14.84,14.69,14.76,5979705.0,91215173.0,1117537310.0,0.005350787796069198,-0.08000000000000007,-0.5390835579514808,1.010781671159032
2023-08-09,14.69,14.74,14.33,14.43,10751454.0,161132794.0,1117537310.0,0.009620666714026756,-0.33000000000000007,-2.2357723577235755,2.7777777777777786
2023-08-10,14.36,14.49,14.31,14.4,5534721.0,82382703.0,1117537310.0,0.0049526051170497385,-0.02999999999999936,-0.20790020790020236,1.2474012474012455
2023-08-11,14.4,14.4,13.88,13.93,10555891.0,153813582.0,1117537310.0,0.009445672109148642,-0.47000000000000064,-3.2638888888888884,3.611111111111108
2023-08-14,13.76,14.19,13.57,14.16,9370919.0,134388752.0,1117537310.0,0.00838532988218532,0.23000000000000043,1.6511127063890907,4.450825556353189
2023-08-15,14.08,14.09,13.63,13.68,8762088.0,125036955.0,1117537310.0,0.007840532858808983,-0.4800000000000004,-3.3898305084745783,3.2485875706214626
2023-08-16,13.66,13.73,13.41,13.42,7881906.0,110211883.0,1117537310.0,0.007052924255387947,-0.2599999999999998,-1.900584795321636,2.3391812865497097
2023-08-17,13.34,13.65,13.15,13.56,7678205.0,106928788.0,1117537310.0,0.006870647567015011,0.14000000000000057,1.0432190760059745,3.7257824143070044
2023-08-18,13.53,13.57,12.95,12.96,13187737.0,179893958.0,1117537310.0,0.011800712944429569,-0.5999999999999996,-4.424778761061942,4.572271386430685
2023-08-21,13.0,13.27,12.94,12.95,7373462.0,99857784.0,1117537310.0,0.006597956000234122,-0.010000000000001563,-0.07716049382717749,2.5462962962962967
2023-08-22,13.06,13.39,12.82,13.36,14310690.0,194427507.0,1117537310.0,0.012805559037666493,0.41000000000000014,3.1660231660231686,4.401544401544404
2023-08-23,13.34,13.34,13.01,13.12,6989374.0,95060700.0,1117537310.0,0.006254264566791063,-0.2400000000000002,-1.7964071856287456,2.4700598802395217
2023-08-24,13.2,13.26,12.99,13.04,8719300.0,118302732.0,1117537310.0,0.007802245099092039,-0.08000000000000007,-0.6097560975609762,2.0579268292682897
2023-08-25,12.99,12.99,12.36,12.41,15681794.0,203917430.0,1117537310.0,0.014032456777662305,-0.629999999999999,-4.8312883435582705,4.831288343558288
2023-08-28,13.04,13.15,12.59,12.63,15015707.0,200042454.0,1117537310.0,0.013436425670656131,0.22000000000000064,1.7727639000805873,4.512489927477844
2023-08-29,12.61,13.25,12.52,13.22,14180269.0,190638434.0,1117537310.0,0.012688855104085966,0.5899999999999999,4.6714172604908955,5.779889152810771
2023-08-30,13.15,13.59,13.12,13.53,14393537.0,200223601.0,1117537310.0,0.012879692580465165,0.3099999999999987,2.344931921331317,3.5552193645990973
2023-08-31,13.44,13.53,13.26,13.31,7761500.0,107315302.0,1117537310.0,0.006945181991284031,-0.21999999999999886,-1.6260162601625883,1.9955654101995532
2023-09-01,13.33,13.45,13.28,13.35,5213594.0,72028151.0,1117537310.0,0.004665252742210459,0.03999999999999915,0.3005259203606281,1.2772351615326816
2023-09-04,13.42,13.56,13.27,13.54,8636471.0,119792722.0,1117537310.0,0.007728127663138155,0.1899999999999995,1.4232209737827572,2.1722846441947636
2023-09-05,13.52,13.8,13.45,13.57,10979874.0,154926833.0,1117537310.0,0.009825062574420894,0.030000000000001137,0.22156573116691725,2.5849335302806606
2023-09-06,13.5,13.72,13.38,13.68,9051999.0,127330272.0,1117537310.0,0.008099952385482324,0.10999999999999943,0.8106116433308719,2.505526897568164
2023-09-07,13.58,13.73,13.29,13.32,8934202.0,124283123.0,1117537310.0,0.007994544719048351,-0.35999999999999943,-2.631578947368418,3.2163742690058577
2023-09-08,13.35,13.7,13.2,13.59,10886580.0,152015233.0,1117537310.0,0.009741580797870632,0.2699999999999996,2.0270270270270174,3.7537537537537538
2023-09-11,13.79,13.88,13.51,13.65,13222448.0,186940867.0,1117537310.0,0.011831773204959036,0.0600000000000005,0.44150110375276164,2.7225901398086902
2023-09-12,13.53,13.71,13.4,13.62,9638799.0,135146974.0,1117537310.0,0.008625035525659542,-0.030000000000001137,-0.2197802197802301,2.271062271062275
2023-09-13,13.55,13.58,13.02,13.22,12482012.0,170967633.0,1117537310.0,0.011169212775544828,-0.3999999999999986,-2.9368575624082127,4.111600587371517
2023-09-14,13.22,13.82,13.19,13.56,21535306.0,302282179.0,1117537310.0,0.019270323959027374,0.33999999999999986,2.571860816944027,4.765506807866874
2023-09-15,13.4,13.52,12.93,13.02,17171569.0,233742153.0,1117537310.0,0.01536554426088915,-0.5400000000000009,-3.9823008849557584,4.35103244837758
2023-09-18,12.79,13.34,12.76,13.15,10732205.0,145970478.0,1117537310.0,0.009603442233172511,0.13000000000000078,0.9984639016897168,4.454685099846391
2023-09-19,13.1,13.15,12.8,12.87,9152916.0,122200029.0,1117537310.0,0.008190255410801452,-0.28000000000000114,-2.1292775665399333,2.661596958174902
2023-09-20,12.77,13.04,12.67,12.67,7897440.0,104739948.0,1117537310.0,0.007066824462442332,-0.1999999999999993,-1.5540015540015495,2.874902874902869
2023-09-21,12.67,13.0,12.66,12.77,8911766.0,117849548.0,1117537310.0,0.00797446843184144,0.09999999999999964,0.7892659826361559,2.6835043409629034
2023-09-22,12.7,13.15,12.7,13.11,13123300.0,176601283.0,1117537310.0,0.011743053124552951,0.33999999999999986,2.662490211433055,3.5238841033672754
2023-09-25,13.11,13.18,12.86,12.96,9616833.0,129309424.0,1117537310.0,0.008605379806066609,-0.14999999999999858,-1.1441647597253857,2.4408848207475233
2023-09-26,12.97,13.0,12.75,12.84,6155190.0,81996838.0,1117537310.0,0.005507816110407983,-0.120000000000001,-0.92592592592593,1.9290123456790123
2023-09-27,12.84,12.89,12.69,12.73,8323093.0,109926507.0,1117537310.0,0.0074477092849812776,-0.10999999999999943,-0.8566978193146335,1.5576323987539025
2023-09-28,12.77,13.35,12.77,13.18,22345943.0,304205581.0,1117537310.0,0.01999570197795007,0.4499999999999993,3.5349567949725103,4.556166535742341
2023-10-09,13.18,13.33,12.95,13.27,13361736.0,181949758.0,1117537310.0,0.011956411549248409,0.08999999999999986,0.6828528072837514,2.8831562974203395
2023-10-10,13.32,13.42,13.21,13.22,8911013.0,122546060.0,1117537310.0,0.00797379462883436,-0.049999999999998934,-0.37678975131875125,1.5825169555388023
2023-10-11,13.29,13.6,13.17,13.5,14427637.0,201085953.0,1117537310.0,0.012910206103096459,0.27999999999999936,2.1180030257186067,3.252647503782146
2023-10-12,13.55,13.62,13.32,13.44,13274676.0,184540384.0,1117537310.0,0.011878508109943998,-0.0600000000000005,-0.4444444444444473,2.2222222222222143
2023-10-13,13.43,13.69,13.34,13.53,14064866.0,197325269.0,1117537310.0,0.012585589648009156,0.08999999999999986,0.6696428571428603,2.604166666666664
2023-10-16,13.45,13.5,13.03,13.15,13551405.0,184914751.0,1117537310.0,0.012126132057282276,-0.379999999999999,-2.8085735402808454,3.473762010347381
2023-10-17,13.2,13.41,12.9,13.0,9908260.0,133815883.0,1117537310.0,0.008866155887001213,-0.15000000000000036,-1.1406844106463865,3.8783269961977167
2023-10-18,12.93,12.97,12.52,12.73,11454825.0,150638506.0,1117537310.0,0.010250060465542757,-0.2699999999999996,-2.076923076923076,3.46153846153847
2023-10-19,12.66,12.87,12.39,12.4,10735754.0,140074547.0,1117537310.0,0.009606617966070412,-0.33000000000000007,-2.5923016496465,3.7706205813039952
2023-10-20,12.44,12.48,11.7,11.71,15817567.0,196004064.0,1117537310.0,0.014153949813093937,-0.6899999999999995,-5.564516129032249,6.290322580645171
2023-10-23,11.7,11.86,11.33,11.38,13663455.0,162878601.0,1117537310.0,0.012226397166104458,-0.33000000000000007,-2.818104184457726,4.526046114432104
2023-10-24,11.47,11.65,11.23,11.42,10234777.0,120977720.0,1117537310.0,0.0091583313670306,0.03999999999999915,0.35149384885764245,3.6906854130052715
2023-10-25,11.47,11.71,11.39,11.6,11468200.0,137756417.0,1117537310.0,0.010262028746046967,0.17999999999999972,1.5761821366024442,2.802101576182139
2023-10-26,11.54,11.71,11.42,11.71,11197943.0,134289743.0,1117537310.0,0.01002019610423566,0.11000000000000121,0.9482758620689813,2.500000000000008
2023-10-27,11.64,11.66,11.13,11.52,16975263.0,200400917.0,1117537310.0,0.015189884801251064,-0.19000000000000128,-1.6225448334756698,4.526046114432104
2023-10-30,11.46,11.82,11.42,11.76,14091023.0,169685527.0,1117537310.0,0.012608995577964193,0.2400000000000002,2.083333333333326,3.472222222222225
2023-10-31,11.74,11.85,11.48,11.66,10050300.0,121099696.0,1117537310.0,0.008993256788894144,-0.09999999999999964,-0.8503401360544172,3.1462585034013535
2023-11-01,11.64,11.81,11.55,11.65,8478200.0,102661040.0,1117537310.0,0.007586502861367555,-0.009999999999999787,-0.08576329331045907,2.2298456260720396
2023-11-02,11.73,11.96,11.54,11.56,12932988.0,156980059.0,1117537310.0,0.011572757244230172,-0.08999999999999986,-0.7725321888412018,3.605150214592289
2023-11-03,11.77,12.02,11.63,11.97,17795110.0,218705102.0,1117537310.0,0.015923504155758342,0.41000000000000014,3.5467128027681705,3.373702422145318
2023-11-06,12.03,12.33,11.96,12.32,20246842.0,255042177.0,1117537310.0,0.01811737453311514,0.34999999999999964,2.923976608187129,3.0910609857978213
2023-11-07,12.58,12.78,12.31,12.57,27161351.0,351520901.0,1117537310.0,0.0243046480479475,0.25,2.029220779220786,3.8149350649350557
2023-11-08,12.55,13.19,12.43,12.98,37264188.0,498295096.0,1117537310.0,0.03334491624266218,0.41000000000000014,3.2617342879872613,6.046141607000793
2023-11-09,12.95,12.95,12.52,12.57,23431052.0,306910083.0,1117537310.0,0.02096668432483923,-0.41000000000000014,-3.158705701078579,3.3127889060092426
2023-11-10,12.44,12.81,12.43,12.56,14667270.0,190567533.0,1117537310.0,0.0131246356329705,-0.009999999999999787,-0.07955449482895949,3.023070803500404
2023-11-13,12.55,12.97,12.55,12.83,19826605.0,262646641.0,1117537310.0,0.01774133608120878,0.2699999999999996,2.149681528662417,3.3439490445859867
2023-11-14,12.75,13.08,12.71,13.03,16628452.0,222922121.0,1117537310.0,0.01487954974854486,0.1999999999999993,1.5588464536243185,2.8838659392049824
2023-11-15,13.11,13.19,12.89,12.94,18021663.0,242787464.0,1117537310.0,0.0161262293784178,-0.08999999999999986,-0.6907137375287808,2.3023791250959245
2023-11-16,12.92,12.99,12.8,12.81,9696700.0,129157313.0,1117537310.0,0.00867684677122771,-0.129999999999999,-1.0046367851622828,1.4683153013910317
2023-11-17,12.73,12.93,12.68,12.91,9955774.0,132347430.0,1117537310.0,0.00890867258830043,0.09999999999999964,0.7806401249024209,1.9516003122560501
2023-11-20,12.87,13.0,12.82,12.92,9590674.0,128133324.0,1117537310.0,0.008581972086462152,0.009999999999999787,0.07745933384972759,1.3942680092951178
2023-11-21,12.97,13.04,12.73,12.77,13872916.0,184642826.0,1117537310.0,0.012413828044810423,-0.15000000000000036,-1.1609907120743057,2.3993808049535508
2023-11-22,12.69,12.84,12.58,12.58,10971349.0,144192782.0,1117537310.0,0.00981743419376307,-0.1899999999999995,-1.4878621769772837,2.036021926389975
2023-11-23,12.64,12.7,12.44,12.66,9743220.0,126983360.0,1117537310.0,0.008718474016764595,0.08000000000000007,0.6359300476947549,2.0667726550079477
2023-11-24,12.62,12.7,12.28,12.3,12379044.0,158779151.0,1117537310.0,0.011077074464744268,-0.35999999999999943,-2.843601895734593,3.3175355450236963
2023-11-27,12.29,12.55,12.25,12.44,14214723.0,182636207.0,1117537310.0,0.01271968539466481,0.1399999999999988,1.1382113821138073,2.439024390243908
2023-11-28,12.45,12.86,12.41,12.61,13675749.0,178907227.0,1117537310.0,0.012237398141096515,0.16999999999999993,1.3665594855305496,3.617363344051441
2023-11-29,12.62,12.62,12.29,12.31,9118087.0,116854096.0,1117537310.0,0.008159089560956135,-0.29999999999999893,-2.3790642347343294,2.6169706582077725
2023-11-30,12.32,12.36,12.09,12.16,8963066.0,113183750.0,1117537310.0,0.00802037293949497,-0.15000000000000036,-1.2185215272136452,2.1933387489845617
2023-12-01,12.16,12.63,12.08,12.53,14387153.0,184477242.0,1117537310.0,0.012873980019512727,0.3699999999999992,3.0427631578947345,4.52302631578948
2023-12-04,12.54,12.61,12.35,12.44,9085800.0,117236540.0,1117537310.0,0.008130198355525151,-0.08999999999999986,-0.718276137270546,2.0750199521149226
2023-12-05,12.38,12.46,12.01,12.01,10808219.0,136425352.0,1117537310.0,0.009671461438723689,-0.4299999999999997,-3.456591639871376,3.617363344051456
2023-12-06,11.97,12.2,11.81,12.01,7255007.0,90017162.0,1117537310.0,0.006491959539140577,0.0,0.0,3.24729392173188
2023-12-07,12.04,12.29,11.95,12.21,10675313.0,134084079.0,1117537310.0,0.009552533865737333,0.20000000000000107,1.6652789342214813,2.8309741881765182
2023-12-08,12.2,12.71,12.13,12.29,16415626.0,210061476.0,1117537310.0,0.014689107784687743,0.0799999999999983,0.6552006552006384,4.750204750204751
2023-12-11,12.23,12.58,12.05,12.58,16616717.0,212538879.0,1117537310.0,0.014869048980566027,0.2900000000000009,2.359641985353944,4.3124491456468625
2023-12-12,12.5,12.76,12.48,12.58,15058027.0,196901492.0,1117537310.0,0.013474294652408517,0.0,0.0,2.2257551669316324
2023-12-13,12.53,12.57,12.27,12.29,11087531.0,142490206.0,1117537310.0,0.009921396718289432,-0.2900000000000009,-2.305246422893492,2.384737678855332
2023-12-14,12.35,12.59,12.19,12.2,9327715.0,119268333.0,1117537310.0,0.00834666987538877,-0.08999999999999986,-0.7323026851098424,3.2546786004882047
2023-12-15,12.15,12.37,12.02,12.18,8974999.0,113385491.0,1117537310.0,0.0080310508827665,-0.019999999999999574,-0.16393442622950616,2.8688524590163906
2023-12-18,12.17,12.37,12.07,12.09,9618297.0,121454174.0,1117537310.0,0.00860668982944292,-0.08999999999999986,-0.738916256157629,2.4630541871921094
2023-12-19,12.06,12.95,12.0,12.77,29537486.0,382857823.0,1117537310.0,0.026430872361657438,0.6799999999999997,5.624483043837891,7.857733664185271
2023-12-20,13.68,14.04,13.44,14.04,76571580.0,1099460116.0,1117537310.0,0.06851814191331115,1.2699999999999996,9.94518402505873,4.698512137823021
2023-12-21,13.52,14.25,13.39,13.89,80982209.0,1159854897.0,1117537310.0,0.0724648817317786,-0.14999999999999858,-1.0683760683760535,6.125356125356122
2023-12-22,13.94,14.82,13.63,13.8,83568269.0,1233361127.0,1117537310.0,0.07477895212286022,-0.08999999999999986,-0.6479481641468721,8.56731461483081
2023-12-25,13.68,14.69,13.68,14.44,68583022.0,1017461267.0,1117537310.0,0.061369782812888816,0.6399999999999988,4.6376811594202705,7.318840579710143
2023-12-26,14.31,15.16,14.07,15.06,85065173.0,1283353924.0,1117537310.0,0.0761184188114489,0.620000000000001,4.29362880886428,7.548476454293628
2023-12-27,14.6,15.61,14.34,14.69,78656250.0,1216420558.0,1117537310.0,0.07038355614274748,-0.370000000000001,-2.45683930942896,8.432934926958827
2023-12-28,14.42,15.32,14.12,14.72,66215266.0,1003186194.0,1117537310.0,0.05925105623542896,0.030000000000001137,0.2042205582028611,8.168822328114372
2023-12-29,14.6,15.9,14.6,15.18,83747053.0,1331464992.0,1117537310.0,0.07493893246391926,0.4599999999999991,3.125,8.831521739130439
2024-01-02,15.08,15.73,14.9,15.08,58971753.0,928392164.0,1117662310.0,0.05276348005329087,-0.09999999999999964,-0.6587615283267456,5.46772068511199
2024-01-03,14.7,14.81,13.93,14.22,67284129.0,994322363.0,1117662310.0,0.06020076761826208,-0.8599999999999994,-5.702917771883287,5.835543766578255
2024-01-04,14.13,14.35,13.87,14.05,31882783.0,463614145.0,1117662310.0,0.028526311314908705,-0.16999999999999993,-1.1954992967651235,3.3755274261603407
2024-01-05,14.12,14.4,13.53,13.7,35466997.0,511438657.0,1117662310.0,0.03173319587022667,-0.3500000000000014,-2.4911032028469893,6.192170818505345
2024-01-08,13.64,13.91,13.44,13.47,27385413.0,386047950.0,1117662310.0,0.024502403592727394,-0.22999999999999865,-1.6788321167883091,3.4306569343065743
2024-01-09,13.51,13.8,12.95,13.19,35839459.0,494456948.0,1117662310.0,0.0320664467964389,-0.28000000000000114,-2.0786933927245843,6.310319227913892
2024-01-10,13.09,13.09,12.39,12.4,31821230.0,416157693.0,1117662310.0,0.028471238329580963,-0.7899999999999991,-5.989385898407884,5.307050796057614
2024-01-11,12.43,13.27,12.38,13.24,38735387.0,517847955.0,1117662310.0,0.03465750491308953,0.8399999999999999,6.774193548387086,7.1774193548387
2024-01-12,13.06,13.39,12.68,12.75,24095846.0,322174676.0,1117662310.0,0.021559146966314002,-0.4900000000000002,-3.7009063444108814,5.36253776435046
2024-01-15,12.6,13.25,12.57,12.96,25626827.0,343088249.0,1117662310.0,0.022928953379487225,0.21000000000000085,1.6470588235294237,5.333333333333331
2024-01-16,12.92,12.95,12.42,12.67,21794218.0,284240507.0,1117662310.0,0.019499823698984713,-0.2900000000000009,-2.2376543209876587,4.089506172839501
2024-01-17,12.63,12.63,12.22,12.23,16188074.0,207453522.0,1117662310.0,0.01448386856670509,-0.4399999999999995,-3.4727703235990504,3.2359905288082094
2024-01-18,12.13,12.51,11.97,12.4,22007775.0,277754918.0,1117662310.0,0.01969089840740894,0.16999999999999993,1.3900245298446468,4.415372035977098
2024-01-19,12.37,12.61,12.24,12.28,15231101.0,195238332.0,1117662310.0,0.013627641250602788,-0.120000000000001,-0.967741935483879,2.9838709677419293
2024-01-22,12.55,12.76,11.6,11.77,30245900.0,382407726.0,1117662310.0,0.027061751773664086,-0.5099999999999998,-4.153094462540718,9.446254071661238
2024-01-23,11.71,11.92,11.54,11.73,24351857.0,295220023.0,1117662310.0,0.021788206314302574,-0.03999999999999915,-0.3398470688190214,3.2285471537808053
2024-01-24,11.79,11.88,11.21,11.7,23969037.0,285756399.0,1117662310.0,0.02144568783034296,-0.030000000000001137,-0.2557544757033292,5.711849957374254
2024-01-25,11.65,12.06,11.5,12.02,20826419.0,255630969.0,1117662310.0,0.018633910094006837,0.3200000000000003,2.7350427350427475,4.786324786324791
2024-01-26,11.95,11.98,11.55,11.58,20539234.0,249947459.0,1117662310.0,0.018376958600312826,-0.4399999999999995,-3.660565723793674,3.5773710482529095
2024-01-29,11.6,11.6,10.63,10.71,29132779.0,329438839.0,1117662310.0,0.026065814995586637,-0.8699999999999992,-7.512953367875641,8.37651122625215
2024-01-30,10.62,10.81,10.34,10.38,19906440.0,217411840.0,1117662310.0,0.017810782220973344,-0.33000000000000007,-3.081232492997199,4.388422035480865
2024-01-31,10.33,10.37,9.66,9.68,23168435.0,238612723.0,1117662310.0,0.020729369499808935,-0.7000000000000011,-6.743737957610795,6.840077071290934
2024-02-01,9.6,10.02,9.49,9.77,21824829.0,219925392.0,1117662310.0,0.019527212114721842,0.08999999999999986,0.9297520661156966,5.475206611570242
2024-02-02,9.76,9.97,8.89,9.29,21676229.0,211272392.0,1117662310.0,0.019394256034275685,-0.4800000000000004,-4.9129989764585495,11.054247697031732
2024-02-05,9.29,9.31,8.36,8.41,25065748.0,224247026.0,1117662310.0,0.022426942177194827,-0.879999999999999,-9.472551130247563,10.226049515608192
2024-02-06,8.37,9.25,8.14,9.11,32839354.0,300400922.0,1117662310.0,0.02938217895170859,0.6999999999999993,8.323424494649224,13.198573127229482
2024-02-07,9.24,9.89,9.12,9.6,37549090.0,372999078.0,1117662310.0,0.03359609576527636,0.4900000000000002,5.378704720087812,8.452250274423726
2024-02-08,9.57,10.36,9.48,10.3,33638023.0,349617544.0,1117662310.0,0.030096767779527252,0.7000000000000011,7.291666666666674,9.166666666666657
2024-02-19,10.44,10.51,10.07,10.39,36173953.0,385240652.0,1117662310.0,0.03236572681778989,0.08999999999999986,0.8737864077669855,4.27184466019417
2024-02-20,10.33,10.37,10.05,10.3,22470640.0,237503049.0,1117662310.0,0.02010503512460754,-0.08999999999999986,-0.8662175168431152,3.079884504331073
2024-02-21,10.27,10.65,10.16,10.32,24357639.0,262938993.0,1117662310.0,0.021793379612129894,0.019999999999999574,0.19417475728154,4.75728155339806
2024-02-22,10.42,10.65,10.33,10.62,20772844.0,226398668.0,1117662310.0,0.01858597522180022,0.29999999999999893,2.9069767441860295,3.1007751937984525
2024-02-23,10.89,11.07,10.58,11.07,24744688.0,278322878.0,1117662310.0,0.02213968188656196,0.45000000000000107,4.237288135593231,4.613935969868176
2024-02-26,11.07,11.38,10.92,11.25,23926450.0,276843990.0,1117662310.0,0.021407584192402445,0.17999999999999972,1.6260162601625883,4.155374887082211
2024-02-27,11.14,11.7,11.14,11.69,23793679.0,281622093.0,1117662310.0,0.021288790708170163,0.4399999999999995,3.9111111111111097,4.977777777777766
2024-02-28,11.67,11.8,10.75,10.79,35546998.0,416990622.0,1117662310.0,0.031804774735581805,-0.9000000000000004,-7.698887938408905,8.98203592814372
2024-02-29,10.77,11.35,10.64,11.31,22030146.0,254312685.0,1117662310.0,0.01971091429217113,0.5200000000000014,4.8192771084337505,6.5801668211306685
2024-03-01,11.4,11.64,11.31,11.6,20313199.0,241723010.0,1117662310.0,0.018174719517919505,0.28999999999999915,2.564102564102555,2.917771883289125
2024-03-04,11.71,11.83,11.26,11.6,24834231.0,295677667.0,1117662310.0,0.02221979821436405,0.0,0.0,4.9137931034482785
2024-03-05,11.55,11.78,11.28,11.52,27405467.0,327790310.0,1117662310.0,0.024520346400515196,-0.08000000000000007,-0.6896551724137945,4.310344827586207
2024-03-06,11.44,11.68,11.23,11.5,19201294.0,227507122.0,1117662310.0,0.01717987072499564,-0.019999999999999574,-0.17361111111110494,3.906249999999994
2024-03-07,11.56,11.71,11.25,11.25,18916612.0,224569614.0,1117662310.0,0.01692515872705773,-0.25,-2.1739130434782594,4.000000000000008
2024-03-08,11.26,11.4,11.12,11.36,13641737.0,158917032.0,1117662310.0,0.012205598129188056,0.10999999999999943,0.9777777777777663,2.488888888888899
2024-03-11,11.36,11.39,11.12,11.39,19289617.0,224423903.0,1117662310.0,0.017258895488745613,0.030000000000001137,0.2640845070422726,2.376760563380294
2024-03-12,11.41,11.55,11.31,11.45,16843860.0,199211456.0,1117662310.0,0.015070616454803776,0.05999999999999872,0.5267778753292207,2.1071115013169464
2024-03-13,11.45,11.79,11.37,11.62,26914647.0,323775423.0,1117662310.0,0.024081197656204405,0.16999999999999993,1.4847161572052459,3.6681222707423577
2024-03-14,11.53,11.58,11.25,11.42,18365791.0,217195104.0,1117662310.0,0.016432325610049425,-0.1999999999999993,-1.721170395869187,2.8399311531841662
2024-03-15,11.38,11.5,11.26,11.5,13441621.0,158200689.0,1117662310.0,0.012026549414554383,0.08000000000000007,0.7005253940455258,2.101576182136604
2024-03-18,11.56,11.76,11.48,11.76,18557078.0,223586870.0,1117662310.0,0.01660347480089939,0.2599999999999998,2.2608695652173827,2.4347826086956466
2024-03-19,11.74,11.94,11.64,11.77,18496229.0,225912403.0,1117662310.0,0.016549031701713193,0.009999999999999787,0.08503401360544505,2.5510204081632564
2024-03-20,11.71,11.93,11.71,11.89,16807331.0,205915737.0,1117662310.0,0.015037933058689256,0.120000000000001,1.0195412064571086,1.8691588785046633
2024-03-21,11.89,11.97,11.71,11.74,16287816.0,199317683.0,1117662310.0,0.014573110191037936,-0.15000000000000036,-1.2615643397813292,2.1867115222876348
2024-03-22,11.83,11.88,11.46,11.69,21858199.0,263550840.0,1117662310.0,0.019557069075721092,-0.05000000000000071,-0.4258943781942137,3.577512776831345
2024-03-25,11.51,12.01,11.17,11.17,25792435.0,306164058.0,1117662310.0,0.02307712693648943,-0.5199999999999996,-4.448246364414022,7.18562874251497
2024-03-26,11.08,11.21,10.69,10.81,22373901.0,253053421.0,1117662310.0,0.020018480358347236,-0.35999999999999943,-3.222918531781549,4.655326768128929
2024-03-27,10.8,10.81,10.22,10.23,21847200.0,236930291.0,1117662310.0,0.01954722799948403,-0.5800000000000001,-5.365402405180387,5.457909343200738
2024-03-28,10.26,10.86,10.23,10.61,20528700.0,225474936.0,1117662310.0,0.018367533571030055,0.379999999999999,3.7145650048875822,6.158357771260987
2024-03-29,10.63,10.66,10.25,10.54,16801508.0,180699384.0,1117662310.0,0.01503272307715199,-0.07000000000000028,-0.6597549481621168,3.864278982092367
2024-04-01,10.57,10.91,10.56,10.88,15337501.0,171873491.0,1117662310.0,0.013722839951541357,0.34000000000000163,3.2258064516129226,3.320683111954456
2024-04-02,10.89,10.91,10.5,10.65,16106610.0,177215083.0,1117662310.0,0.01441098071921205,-0.23000000000000043,-2.1139705882353033,3.7683823529411775
2024-04-03,10.59,10.59,10.33,10.48,11523400.0,124580276.0,1117662310.0,0.01031026983454421,-0.16999999999999993,-1.5962441314553932,2.4413145539906083
2024-04-08,10.48,10.48,10.16,10.18,11124738.0,118533973.0,1117662310.0,0.009953577122950492,-0.3000000000000007,-2.862595419847336,3.0534351145038197
2024-04-09,10.2,10.32,10.12,10.31,9010771.0,95481588.0,1117662310.0,0.008062158774952338,0.13000000000000078,1.2770137524558134,1.964636542239696
2024-04-10,10.3,10.3,9.86,9.99,12494284.0,129582756.0,1117662310.0,0.011178943665014525,-0.3200000000000003,-3.103782735208538,4.267701260911749
2024-04-11,9.89,10.12,9.84,9.97,9490600.0,98370113.0,1117662310.0,0.008491473600823132,-0.019999999999999574,-0.2002002002001957,2.802802802802796
2024-04-12,9.96,10.12,9.94,9.95,11316189.0,117396839.0,1117662310.0,0.010124873048640246,-0.02000000000000135,-0.20060180541626726,1.8054162487462357
2024-04-15,10.0,10.08,9.63,9.79,15261893.0,155298446.0,1117662310.0,0.013655191611498467,-0.16000000000000014,-1.6080402010050232,4.5226130653266265
2024-04-16,9.79,9.85,9.32,9.33,18901984.0,185997989.0,1117662310.0,0.01691207069512794,-0.4599999999999991,-4.698672114402447,5.41368743615934
2024-04-17,9.48,9.87,9.44,9.79,16695278.0,167924888.0,1117662310.0,0.01493767647940101,0.4599999999999991,4.9303322615219525,4.60878885316184
2024-04-18,9.71,10.07,9.6,9.86,16228402.0,165614053.0,1117662310.0,0.014519951021699926,0.07000000000000028,0.7150153217569066,4.800817160367729
2024-04-19,9.84,9.84,9.57,9.64,12834326.0,128313532.0,1117662310.0,0.011483187618628743,-0.21999999999999886,-2.2312373225152005,2.738336713995939
2024-04-22,9.49,9.87,9.45,9.79,14158673.0,142581260.0,1117662310.0,0.012668113502011176,0.14999999999999858,1.556016597510368,4.356846473029044
2024-04-23,9.76,9.87,9.66,9.72,11150225.0,112562516.0,1117662310.0,0.009976380969668736,-0.06999999999999851,-0.7150153217568844,2.145045965270675
2024-04-24,9.63,9.73,9.45,9.69,16065700.0,159827258.0,1117662310.0,0.014374377534480875,-0.030000000000001137,-0.30864197530865445,2.880658436214003
2024-04-25,9.61,9.76,9.51,9.61,10773080.0,107550990.0,1117662310.0,0.009638940048000724,-0.08000000000000007,-0.8255933952528438,2.579979360165119
2024-04-26,9.62,9.99,9.62,9.97,15688095.0,160196293.0,1117662310.0,0.014036525039481738,0.3600000000000012,3.7460978147762836,3.8501560874089598
2024-04-29,10.0,10.25,9.96,10.21,16139234.0,169096470.0,1117662310.0,0.014440170215635168,0.2400000000000002,2.407221664994985,2.908726178535598
2024-04-30,10.21,10.26,10.06,10.17,12288889.0,129155615.0,1117662310.0,0.010995171699043873,-0.040000000000000924,-0.3917727717923647,1.958863858961795
2024-05-06,10.34,10.39,10.22,10.27,11363506.0,121228139.0,1117662310.0,0.01016720873409429,0.09999999999999964,0.9832841691248762,1.6715830875122901
2024-05-07,10.29,10.35,10.18,10.26,9918526.0,105303249.0,1117662310.0,0.008874349534073489,-0.009999999999999787,-0.09737098344693162,1.6553067185978572
2024-05-08,10.21,10.25,9.96,9.97,11801476.0,122780402.0,1117662310.0,0.010559071281557307,-0.28999999999999915,-2.826510721247555,2.8265107212475553
2024-05-09,9.96,10.12,9.96,10.06,9815536.0,102063637.0,1117662310.0,0.008782201844133046,0.08999999999999986,0.9027081243731194,1.6048144433299734
2024-05-10,10.09,10.11,9.8,9.84,11630383.0,118921486.0,1117662310.0,0.01040599015994375,-0.22000000000000064,-2.1868787276342005,3.0815109343936253
2024-05-13,9.76,9.84,9.58,9.68,11931500.0,119837615.0,1117662310.0,0.010675406957223063,-0.16000000000000014,-1.6260162601625994,2.6422764227642253
2024-05-14,9.73,10.03,9.69,9.79,13856600.0,140915663.0,1117662310.0,0.012397841347982826,0.10999999999999943,1.1363636363636243,3.5123966942148748
2024-05-15,9.76,9.87,9.71,9.74,9389748.0,95151269.0,1117662310.0,0.008401238832147788,-0.049999999999998934,-0.5107252298263476,1.6343207354443143
2024-05-16,9.74,9.91,9.71,9.75,15820794.0,160613400.0,1117662310.0,0.014155254103540451,0.009999999999999787,0.10266940451744144,2.0533880903490687
2024-05-17,9.75,10.04,9.6,10.04,19536018.0,198787285.0,1117662310.0,0.017479356533012195,0.28999999999999915,2.9743589743589594,4.5128205128205074
2024-05-20,10.08,10.12,9.84,9.9,14251345.0,146895420.0,1117662310.0,0.01275102942318955,-0.1399999999999988,-1.3944223107569598,2.7888446215139377
2024-05-21,9.88,9.99,9.77,9.88,10945908.0,112035143.0,1117662310.0,0.009793573516852332,-0.019999999999999574,-0.20202020202019222,2.2222222222222285
2024-05-22,9.83,10.01,9.79,9.98,11907988.0,122370547.0,1117662310.0,0.010654370191654758,0.09999999999999964,1.0121457489878471,2.226720647773286
2024-05-23,9.99,10.02,9.66,9.67,14639039.0,147900607.0,1117662310.0,0.013097908795009827,-0.3100000000000005,-3.106212424849708,3.6072144288577093
2024-05-24,9.64,9.71,9.4,9.4,14031620.0,137996867.0,1117662310.0,0.01255443605322971,-0.2699999999999996,-2.792140641158214,3.205791106515
2024-05-27,9.47,9.47,9.02,9.35,16119352.0,153470719.0,1117662310.0,0.014422381300484222,-0.05000000000000071,-0.5319148936170248,4.7872340425532025
2024-05-28,9.3,9.47,9.17,9.18,9355300.0,89947977.0,1117662310.0,0.008370417357994294,-0.16999999999999993,-1.8181818181818188,3.2085561497326283
2024-05-29,9.18,9.29,9.12,9.15,9169050.0,87194443.0,1117662310.0,0.008203774895120156,-0.02999999999999936,-0.32679738562090277,1.851851851851851
2024-05-30,9.15,9.31,8.99,9.18,9512802.0,90397516.0,1117662310.0,0.008511338277122363,0.02999999999999936,0.3278688524590123,3.4972677595628445
2024-05-31,9.27,9.52,9.21,9.42,14090401.0,137378936.0,1117662310.0,0.012607028861875104,0.2400000000000002,2.614379084967333,3.376906318082775
2024-06-03,9.42,9.46,9.14,9.21,9983698.0,95656732.0,1117662310.0,0.008932660527847629,-0.20999999999999908,-2.2292993630573132,3.3970276008492597
2024-06-04,9.18,9.22,9.03,9.12,10114010.0,95098772.0,1117662310.0,0.009049253884207655,-0.09000000000000163,-0.9771986970684265,2.062975027144422
2024-06-05,9.12,9.21,9.02,9.03,8121548.0,76594648.0,1117662310.0,0.007266549052727742,-0.08999999999999986,-0.9868421052631526,2.0833333333333472
2024-06-06,9.04,9.13,8.74,8.77,12406699.0,113917589.0,1117662310.0,0.011100579208043618,-0.2599999999999998,-2.879291251384275,4.3189368770764185
2024-06-07,8.85,9.0,8.74,8.89,9552191.0,87679846.0,1117662310.0,0.008546580585686924,0.120000000000001,1.3683010262257822,2.9646522234891655
2024-06-11,8.83,9.02,8.71,8.97,9960800.0,91491967.0,1117662310.0,0.008912173123203913,0.08000000000000007,0.8998875140607376,3.4870641169853624
2024-06-12,8.91,9.11,8.91,9.01,10201353.0,95506847.0,1117662310.0,0.009127401817817404,0.03999999999999915,0.4459308807134743,2.229654403567439
2024-06-13,9.05,9.17,8.98,9.1,10416989.0,96498154.0,1117662310.0,0.009320336658753394,0.08999999999999986,0.9988901220865598,2.108768035516088
2024-06-14,9.08,9.15,8.96,9.13,8995712.0,82842149.0,1117662310.0,0.008048685116705779,0.030000000000001137,0.3296703296703507,2.0879120879120827
2024-06-17,9.1,9.3,9.05,9.15,10389596.0,97097829.0,1117662310.0,0.009295827466884878,0.019999999999999574,0.21905805038333614,2.7382256297918945
2024-06-18,9.15,9.3,9.11,9.27,10226225.0,96135470.0,1117662310.0,0.009149655408886428,0.11999999999999922,1.3114754098360493,2.076502732240451
2024-06-19,9.3,9.34,9.09,9.09,9170481.0,85658429.0,1117662310.0,0.008205055246069808,-0.17999999999999972,-1.9417475728155331,2.696871628910464
2024-06-20,9.09,9.13,8.74,8.76,10554900.0,95625580.0,1117662310.0,0.009443729027598685,-0.33000000000000007,-3.63036303630363,4.290429042904297
2024-06-21,8.74,8.75,8.57,8.66,8739900.0,77224247.0,1117662310.0,0.007819803818919151,-0.09999999999999964,-1.1415525114155223,2.054794520547942
2024-06-24,8.55,8.59,8.22,8.23,12478467.0,106361925.0,1117662310.0,0.011164791805496241,-0.4299999999999997,-4.965357967667439,4.272517321016157
2024-06-25,8.25,8.37,8.07,8.15,11563848.0,96580900.0,1117662310.0,0.010346459656494993,-0.08000000000000007,-0.9720534629404587,3.645200486026718
2024-06-26,8.16,8.59,8.06,8.58,12885123.0,109146854.0,1117662310.0,0.011528636945805214,0.4299999999999997,5.276073619631894,6.5030674846625685
2024-06-27,8.55,8.65,8.4,8.41,10664822.0,92655583.0,1117662310.0,0.009542078948694261,-0.16999999999999993,-1.9813519813519753,2.9137529137529135
2024-06-28,8.4,8.68,8.36,8.43,12071343.0,104949676.0,1117662310.0,0.01080052793405908,0.019999999999999574,0.23781212841853527,3.8049940546967926
2024-07-01,8.44,8.48,8.22,8.46,8367200.0,71117156.0,1117591649.0,0.00748681328058134,0.030000000000001137,0.3558718861210064,3.0842230130486334
2024-07-02,8.42,8.48,8.25,8.28,10762922.0,91526700.0,1117591649.0,0.009630460293462697,-0.1800000000000015,-2.1276595744680993,2.7186761229314467
2024-07-03,8.29,8.33,8.15,8.21,8231678.0,68915691.0,1117591649.0,0.007365550742407167,-0.06999999999999851,-0.8454106280193052,2.1739130434782576
2024-07-04,8.23,8.25,7.97,7.98,8902000.0,73328352.0,1117591649.0,0.007965342267871581,-0.23000000000000043,-2.8014616321559105,3.410475030450673
2024-07-05,7.98,8.06,7.84,8.02,9542485.0,77272659.0,1117591649.0,0.008538436206586222,0.03999999999999915,0.5012531328320691,2.7568922305764487
2024-07-08,8.03,8.03,7.69,7.72,11998817.0,95309334.0,1117591649.0,0.010736315908173004,-0.2999999999999998,-3.7406483790523692,4.2394014962593385
2024-07-09,7.76,7.93,7.64,7.91,12376596.0,98212739.0,1117591649.0,0.011074345456208756,0.1900000000000004,2.4611398963730657,3.7564766839378247
2024-07-10,7.89,8.09,7.84,7.97,10405873.0,84608148.0,1117591649.0,0.009310979559762261,0.05999999999999961,0.7585335018963191,3.16055625790139
2024-07-11,8.11,8.3,8.05,8.28,13762437.0,114880554.0,1117591649.0,0.012314369933163307,0.3099999999999996,3.8895859473023764,3.136762860727729
2024-07-12,8.26,8.26,8.04,8.06,11299420.0,93349323.0,1117591649.0,0.010110508619235396,-0.21999999999999886,-2.657004830917864,2.657004830917882
2024-07-15,8.01,8.05,7.86,7.89,9090007.0,73419120.0,1117591649.0,0.008133567397477932,-0.17000000000000082,-2.1091811414392203,2.357320099255588
2024-07-16,7.88,7.97,7.83,7.91,8533100.0,68609469.0,1117591649.0,0.007635257482136035,0.020000000000000462,0.25348542458809575,1.7743979721165992
2024-07-17,7.87,7.92,7.8,7.8,7427700.0,59317132.0,1117591649.0,0.006646166340493118,-0.11000000000000032,-1.3906447534766109,1.5170670037926688
2024-07-18,7.75,7.76,7.54,7.7,10536278.0,81929781.0,1117591649.0,0.009427663502521394,-0.09999999999999964,-1.2820512820512775,2.8205128205128176
2024-07-19,7.65,7.8,7.63,7.74,7005017.0,55140554.0,1117591649.0,0.006267957537324082,0.040000000000000036,0.5194805194805197,2.207792207792207
2024-07-22,7.72,7.8,7.63,7.73,7375327.0,57809429.0,1117591649.0,0.006599303964555662,-0.009999999999999787,-0.12919896640826156,2.196382428940568
2024-07-23,7.72,7.73,7.47,7.47,8520500.0,65917867.0,1117591649.0,0.0076239832389799825,-0.2600000000000007,-3.363518758085393,3.3635187580853905
2024-07-24,7.46,7.49,7.28,7.3,10297369.0,77184430.0,1117591649.0,0.009213892220126996,-0.16999999999999993,-2.2757697456492587,2.811244979919678
2024-07-25,7.32,7.47,7.24,7.36,9377210.0,70265335.0,1117591649.0,0.008390551243283315,0.0600000000000005,0.8219178082191858,3.1506849315068433
2024-07-26,7.39,7.61,7.39,7.61,9494578.0,73009996.0,1117591649.0,0.008495569923500744,0.25,3.3967391304347894,2.9891304347826173
2024-07-29,7.63,7.66,7.48,7.58,7774620.0,59894540.0,1117591649.0,0.006956583835389772,-0.03000000000000025,-0.3942181340341633,2.36530880420499
2024-07-30,7.59,7.7,7.52,7.67,7145975.0,55481853.0,1117591649.0,0.00639408410611701,0.08999999999999986,1.187335092348274,2.3746701846965776
2024-07-31,7.62,8.12,7.62,8.1,14972168.0,120926452.0,1117591649.0,0.01339681449248195,0.4299999999999997,5.606258148631027,6.518904823989559
2024-08-01,8.08,8.18,8.0,8.02,11631500.0,95415414.0,1117591649.0,0.010407647561081588,-0.08000000000000007,-0.987654320987652,2.2222222222222188
2024-08-02,7.95,8.07,7.83,7.84,8965050.0,72572898.0,1117591649.0,0.008021758222711988,-0.17999999999999972,-2.244389027431415,2.992518703241898
2024-08-05,7.8,7.92,7.55,7.57,10677200.0,83981824.0,1117591649.0,0.009553757859191018,-0.2699999999999996,-3.4438775510204023,4.7193877551020424
2024-08-06,7.66,7.73,7.57,7.7,8030800.0,62559003.0,1117591649.0,0.007185808883938789,0.1299999999999999,1.7173051519154603,2.1136063408190244
2024-08-07,7.7,7.75,7.62,7.65,6969900.0,54498578.0,1117591649.0,0.006236535505823201,-0.04999999999999982,-0.649350649350644,1.6883116883116869
2024-08-08,7.65,7.73,7.5,7.68,7811236.0,60667992.0,1117591649.0,0.006989347143913743,0.02999999999999936,0.39215686274509665,3.0065359477124236
2024-08-09,7.72,7.75,7.6,7.6,6401862.0,49933614.0,1117591649.0,0.005728265780912256,-0.08000000000000007,-1.041666666666663,1.9531250000000049
2024-08-12,7.59,7.62,7.48,7.51,6196200.0,47509543.0,1117591649.0,0.005544243289169388,-0.08999999999999986,-1.1842105263157876,1.8421052631578907
2024-08-13,7.52,8.02,7.45,7.82,30872002.0,244494846.0,1117591649.0,0.02762368708429746,0.3100000000000005,4.127829560585883,7.589880159786942
2024-08-14,7.94,8.18,7.69,8.17,45077302.0,366016769.0,1117591649.0,0.04033432250530355,0.34999999999999964,4.475703324808178,6.265984654731449
2024-08-15,8.3,8.99,8.16,8.99,43294216.0,379723125.0,1117591649.0,0.038738850669418345,0.8200000000000003,10.036719706242359,10.159118727050185
2024-08-16,9.54,9.89,9.45,9.89,99731951.0,993339953.0,1117591649.0,0.08923827507948746,0.9000000000000004,10.011123470522797,4.894327030033384
2024-08-19,10.27,10.88,9.98,10.88,127374415.0,1386095163.0,1117591649.0,0.11397223226745853,0.9900000000000002,10.01011122345803,9.100101112234583
2024-08-20,10.31,11.43,9.79,9.79,167167134.0,1732332419.0,1117591649.0,0.14957800923940154,-1.0900000000000016,-10.018382352941192,15.07352941176471
2024-08-21,9.31,10.14,9.3,9.45,128459913.0,1269637780.0,1117591649.0,0.11494351547360211,-0.33999999999999986,-3.4729315628192037,8.580183861082737
2024-08-22,9.76,10.39,9.75,10.39,162046282.0,1695491590.0,1117591649.0,0.14499596712716667,0.9400000000000013,9.947089947089971,6.772486772486778
2024-08-23,10.07,11.37,9.92,10.81,179725471.0,1956912935.0,1117591649.0,0.16081497312619952,0.41999999999999993,4.04234841193456,13.955726660250233
2024-08-26,10.77,11.9,10.77,11.9,68686798.0,811539269.0,1117591649.0,0.06145965573513336,1.0899999999999999,10.083256244218308,10.45328399629973
2024-08-27,12.12,13.08,11.31,12.67,214795198.0,2713271886.0,1117591649.0,0.19219470563527807,0.7699999999999996,6.470588235294117,14.87394957983193
2024-08-28,11.4,12.5,11.4,11.48,165956631.0,1967338361.0,1117591649.0,0.1484948739089943,-1.1899999999999995,-9.392265193370164,8.68192580899763
2024-08-29,11.0,11.5,10.33,10.52,150679973.0,1654772993.0,1117591649.0,0.13482560748805308,-0.9600000000000009,-8.362369337979104,10.19163763066202
2024-08-30,10.37,11.57,10.22,11.35,167394812.0,1885294368.0,1117591649.0,0.1497817312341066,0.8300000000000001,7.889733840304181,12.832699619771859
2024-09-02,11.1,11.31,10.22,10.28,135587142.0,1464106584.0,1117591649.0,0.12132082601129028,-1.0700000000000003,-9.4273127753304,9.603524229074889
2024-09-03,9.99,10.79,9.86,10.53,122204606.0,1285331337.0,1117591649.0,0.1093463843518752,0.25,2.4319066147859836,9.046692607003889
2024-09-04,10.43,10.97,10.07,10.29,107898437.0,1153017135.0,1117591649.0,0.09654549324571769,-0.2400000000000002,-2.279202279202286,8.547008547008552
2024-09-05,10.05,10.11,9.63,9.8,97026133.0,964473858.0,1117591649.0,0.08681715999472361,-0.48999999999999844,-4.761904761904745,4.664723032069959
2024-09-06,9.66,9.92,9.53,9.62,69086043.0,681126896.0,1117591649.0,0.06181689265646973,-0.1800000000000015,-1.836734693877562,3.9795918367346994
2024-09-09,9.62,9.78,9.31,9.42,51401299.0,495926301.0,1117591649.0,0.045992916147855,-0.1999999999999993,-2.079002079002068,4.8856548856548745
2024-09-10,9.41,9.53,9.13,9.5,51500832.0,488618896.0,1117591649.0,0.0460819764053194,0.08000000000000007,0.849256900212314,4.246284501061556
2024-09-11,9.43,9.48,9.2,9.27,37450843.0,354618242.0,1117591649.0,0.03351031034771091,-0.23000000000000043,-2.421052631578957,2.947368421052644
2024-09-12,9.26,9.32,9.07,9.09,37614333.0,351701100.0,1117591649.0,0.03365659812656671,-0.17999999999999972,-1.9417475728155331,2.696871628910464
2024-09-13,9.04,9.16,8.89,8.89,34520634.0,316977403.0,1117591649.0,0.03088841441405581,-0.1999999999999993,-2.2002200220021972,2.970297029702966
2024-09-18,8.8,8.96,8.57,8.69,37064399.0,328770357.0,1117591649.0,0.033164527520552364,-0.20000000000000107,-2.2497187851518663,4.386951631046125
2024-09-19,8.72,8.85,8.58,8.77,37465500.0,333440812.0,1117591649.0,0.03352342515580125,0.08000000000000007,0.9205983889528202,3.1070195627157604
2024-09-20,8.76,8.84,8.62,8.79,41870400.0,372593583.0,1117591649.0,0.03746484687628513,0.019999999999999574,0.22805017103761926,2.5085518814139185
2024-09-23,8.83,9.07,8.75,9.03,64321400.0,586855103.0,1117591649.0,0.057553579661724905,0.2400000000000002,2.7303754266211566,3.6405005688282173
2024-09-24,8.9,9.26,8.67,9.17,73773861.0,672617257.0,1117591649.0,0.06601146408530474,0.14000000000000057,1.5503875968992276,6.533776301218161
2024-09-25,9.16,9.42,9.12,9.17,67520500.0,636965318.0,1117591649.0,0.0604160742077986,0.0,0.0,3.2715376226826685
2024-09-26,9.17,9.4,9.06,9.38,55277630.0,519611658.0,1117591649.0,0.04946138426272367,0.21000000000000085,2.2900763358778775,3.707742639040348
2024-09-27,9.52,10.05,9.44,9.89,79710665.0,788369677.0,1117591649.0,0.07132360470957672,0.5099999999999998,5.4371002132196145,6.503198294243083
2024-09-30,10.25,10.88,10.04,10.88,92331204.0,990612551.0,1117591649.0,0.08261622577675506,0.9900000000000002,10.01011122345803,8.49342770475229
2024-10-08,11.97,11.97,10.88,11.9,95416897.0,1126893770.0,1117591649.0,0.08537724587095585,1.0199999999999996,9.375,10.018382352941174
2024-10-09,11.57,11.57,10.71,10.71,69243389.0,774870582.0,1117591649.0,0.06195768289961515,-1.1899999999999995,-9.999999999999998,7.226890756302516
2024-10-10,10.52,10.83,10.06,10.49,51807129.0,554484754.0,1117591649.0,0.046356045203412216,-0.22000000000000064,-2.0541549953314697,7.189542483660126
2024-10-11,10.41,10.41,9.69,9.78,39319545.0,398810065.0,1117591649.0,0.035182389771060286,-0.7100000000000009,-6.768350810295532,6.8636796949475745
2024-10-14,9.78,10.41,9.75,10.39,41558125.0,427468173.0,1117591649.0,0.03718542907616161,0.6100000000000012,6.237218813905954,6.748466257668713
2024-10-15,10.4,10.58,10.07,10.08,36065225.0,379636644.0,1117591649.0,0.032270485406964595,-0.3100000000000005,-2.9836381135707413,4.908565928777668
2024-10-16,9.84,11.09,9.83,11.09,101572357.0,1106002548.0,1117591649.0,0.09088503577392068,1.0099999999999998,10.01984126984128,12.499999999999996
2024-10-17,11.13,11.41,10.82,11.16,118207304.0,1336853994.0,1117591649.0,0.1057696736601152,0.07000000000000028,0.6311992786294018,5.32010820559062
2024-10-18,11.0,11.89,10.96,11.66,119437737.0,1407691285.0,1117591649.0,0.10687064197989547,0.5,4.480286738351258,8.33333333333333
2024-10-21,11.49,11.85,11.39,11.64,95740562.0,1132138312.0,1117591649.0,0.08566685522897997,-0.019999999999999574,-0.17152658662091813,3.9451114922812955
2024-10-22,11.55,12.81,11.43,12.81,93168833.0,1174267481.0,1117591649.0,0.0833657204609266,1.17,10.051546391752586,11.85567010309279
2024-10-23,13.56,14.09,12.85,13.12,196322733.0,2715145142.0,1117591649.0,0.1756658911827642,0.3099999999999987,2.4199843871974824,9.67993754879001
2024-10-24,12.49,12.71,11.81,12.11,123189605.0,1513150931.0,1117591649.0,0.11022774294191241,-1.0099999999999998,-7.698170731707322,6.859756097560979
2024-10-25,12.0,12.57,11.93,12.13,76018901.0,937877839.0,1117591649.0,0.06802028367697655,0.02000000000000135,0.16515276630884035,5.284888521882746
2024-10-28,11.97,13.23,11.81,12.97,117026797.0,1503573185.0,1117591649.0,0.10471337818666897,0.8399999999999999,6.9249793899422984,11.706512778235778
2024-10-29,12.87,13.43,12.43,12.66,106425496.0,1394160190.0,1117591649.0,0.09522753332599392,-0.3100000000000005,-2.390131071703938,7.710100231303006
2024-10-30,12.43,13.9,12.29,13.58,120584819.0,1618801635.0,1117591649.0,0.10789702939163605,0.9199999999999999,7.26698262243286,12.717219589257514
2024-10-31,13.58,14.88,13.06,14.0,131185109.0,1840198955.0,1117591649.0,0.117381969628515,0.41999999999999993,3.092783505154628,13.402061855670105
2024-11-01,13.56,13.65,12.6,12.6,85542585.0,1135126473.0,1117591649.0,0.07654189710216777,-1.4000000000000004,-9.999999999999998,7.500000000000005
2024-11-04,12.57,12.73,11.95,12.47,49477160.0,626653141.0,1117591649.0,0.0442712327389626,-0.129999999999999,-1.031746031746028,6.1904761904762
2024-11-05,12.49,13.01,12.45,12.87,54174354.0,706058010.0,1117591649.0,0.048474193636355634,0.3999999999999986,3.2076984763432126,4.490777866880517
2024-11-06,12.96,13.04,12.47,12.53,58374800.0,758411765.0,1117591649.0,0.05223267376078971,-0.33999999999999986,-2.6418026418026375,4.428904428904418
2024-11-07,12.38,12.66,12.28,12.6,41220383.0,523037031.0,1117591649.0,0.03688322388314482,0.07000000000000028,0.5586592178770999,3.032721468475665
2024-11-08,12.75,13.44,12.71,13.21,80388565.0,1069059407.0,1117591649.0,0.0719301768869964,0.6100000000000012,4.841269841269846,5.793650793650783
2024-11-11,13.15,13.4,12.86,13.36,64225702.0,862766919.0,1117591649.0,0.05746795089017348,0.14999999999999858,1.1355034065102076,4.087812263436797
2024-11-12,13.26,13.71,13.16,13.59,75150339.0,1030662882.0,1117591649.0,0.0672431107258569,0.23000000000000043,1.7215568862275488,4.116766467065873
2024-11-13,13.69,14.07,13.22,13.65,72547089.0,1012042236.0,1117591649.0,0.06491377155950814,0.0600000000000005,0.44150110375276164,6.254598969830755
2024-11-14,13.52,13.55,12.55,12.68,51558589.0,684251393.0,1117591649.0,0.04613365628325306,-0.9700000000000006,-7.106227106227115,7.326007326007327
2024-11-15,12.7,13.06,12.3,12.3,37864278.0,490976158.0,1117591649.0,0.03388024421431589,-0.379999999999999,-2.9968454258675004,5.993690851735014
2024-11-18,12.38,12.46,11.51,11.67,38146700.0,459135941.0,1117591649.0,0.034132950111190385,-0.6300000000000008,-5.1219512195122,7.723577235772367
2024-11-19,11.65,12.37,11.58,12.36,41204957.0,503162503.0,1117591649.0,0.036869420988309476,0.6899999999999995,5.9125964010282805,6.769494430162803
2024-11-20,12.29,12.66,12.2,12.53,33060982.0,420191518.0,1117591649.0,0.02958234524173686,0.16999999999999993,1.3754045307443397,3.721682847896447
2024-11-21,12.6,12.92,12.46,12.63,37629248.0,486145732.0,1117591649.0,0.03366994378820739,0.10000000000000142,0.7980845969672856,3.6711891460494743
2024-11-22,12.49,12.62,11.87,11.91,33950789.0,424401445.0,1117591649.0,0.03037852781951129,-0.7200000000000006,-5.7007125890736425,5.938242280285035
2024-11-25,11.91,12.14,11.51,12.1,27749985.0,334166684.0,1117591649.0,0.02483016495768393,0.1899999999999995,1.5952980688497043,5.289672544080611
2024-11-26,11.94,12.09,11.69,11.7,19689719.0,237631335.0,1117591649.0,0.01761799045082163,-0.40000000000000036,-3.3057851239669422,3.305785123966945
2024-11-27,11.65,12.3,11.4,12.28,31189391.0,374993827.0,1117591649.0,0.027907680795492416,0.5800000000000001,4.957264957264962,7.692307692307695
2024-11-28,12.2,13.51,12.13,13.03,114478869.0,1527527006.0,1117591649.0,0.1024335401060249,0.75,6.107491856677516,11.237785016286637
2024-11-29,12.83,13.3,12.57,13.08,86558047.0,1141100030.0,1117591649.0,0.07745051341198775,0.05000000000000071,0.38372985418266836,5.6024558710667725
2024-12-02,12.97,13.33,12.87,13.1,50864500.0,676862859.0,1117591649.0,0.045512598492940246,0.019999999999999574,0.1529051987767538,3.5168195718654496
2024-12-03,13.06,13.09,12.63,12.8,41711358.0,543972909.0,1117591649.0,0.03732253908421966,-0.29999999999999893,-2.2900763358778553,3.5114503816793827
2024-12-04,12.69,12.85,12.4,12.51,27212700.0,349375978.0,1117591649.0,0.02434941243910458,-0.2900000000000009,-2.2656250000000044,3.5156249999999947
2024-12-05,12.41,12.91,12.41,12.71,27023900.0,349589131.0,1117591649.0,0.024180477748004362,0.20000000000000107,1.5987210231814597,3.9968025579536373
2024-12-06,12.65,13.29,12.58,13.09,50639419.0,672505067.0,1117591649.0,0.04531120024501901,0.379999999999999,2.9897718332021928,5.586152635719898
2024-12-09,13.19,13.56,12.92,13.09,41128719.0,553325646.0,1117591649.0,0.03680120465896573,0.0,0.0,4.8892284186401875
2024-12-10,13.51,13.63,13.16,13.36,54926835.0,748334528.0,1117591649.0,0.049147499490665936,0.2699999999999996,2.062643239113826,3.5905271199388897
2024-12-11,13.28,14.24,13.21,13.95,88798956.0,1250390101.0,1117591649.0,0.07945563666251053,0.5899999999999999,4.416167664670656,7.709580838323349
2024-12-12,13.9,13.9,13.5,13.73,53688169.0,745718226.0,1117591649.0,0.048039164437242494,-0.21999999999999886,-1.577060931899632,2.8673835125448055
2024-12-13,13.56,13.73,13.16,13.24,44498290.0,607912932.0,1117591649.0,0.0398162334514724,-0.4900000000000002,-3.5688273852876873,4.151493080844867
2024-12-16,13.16,13.41,12.95,13.07,30599665.0,408890449.0,1117591649.0,0.027380005055853814,-0.16999999999999993,-1.2839879154078582,3.4743202416918493
2024-12-17,13.03,13.18,12.55,12.77,28809700.0,375381797.0,1117591649.0,0.025778378020074127,-0.3000000000000007,-2.2953328232593773,4.8201989288446745
2024-12-18,12.78,13.73,12.43,13.55,68404559.0,919158456.0,1117591649.0,0.06120711358321898,0.7800000000000011,6.1080657791699355,10.180109631949888
2024-12-19,13.26,13.53,13.06,13.39,39671900.0,538064648.0,1117591649.0,0.035497670401794496,-0.16000000000000014,-1.1808118081180874,3.4686346863468547
2024-12-20,13.28,14.1,13.27,13.82,74997702.0,1058679562.0,1117591649.0,0.06710653400739576,0.4299999999999997,3.211351755041081,6.1986557132188205
2024-12-23,14.05,14.49,13.5,13.54,76292794.0,1085066941.0,1117591649.0,0.06826535798497184,-0.28000000000000114,-2.026049204052105,7.163531114327064
2024-12-24,13.39,14.89,13.15,14.89,76888660.0,1104413916.0,1117591649.0,0.06879852768119601,1.3500000000000014,9.970457902511098,12.850812407680948
2024-12-25,15.48,16.38,15.22,16.38,176834425.0,2856053570.0,1117591649.0,0.15822811950879206,1.4899999999999984,10.00671591672262,7.790463398253851
2024-12-26,16.21,17.99,15.73,16.81,223693479.0,3846124921.0,1117591649.0,0.2001567202118562,0.4299999999999997,2.625152625152616,13.797313797313787
2024-12-27,16.72,17.48,15.61,15.95,192125133.0,3227651832.0,1117591649.0,0.17190995760563346,-0.8599999999999994,-5.116002379535988,11.124330755502685
2024-12-30,15.94,17.54,15.73,17.07,199932476.0,3467157432.0,1117591649.0,0.17889582136632448,1.120000000000001,7.021943573667722,11.347962382445134
2024-12-31,16.77,17.02,15.36,15.64,163733844.0,2647288464.0,1119083668.0,0.14631063671282174,-1.4299999999999997,-8.377270064440534,9.724663151728178
2025-01-02,15.34,15.55,14.08,14.32,124681710.0,1861557080.0,1119083668.0,0.11141410920849933,-1.3200000000000003,-8.43989769820972,9.39897698209719
2025-01-03,14.62,14.92,13.45,13.45,101717794.0,1447891856.0,1119083668.0,0.09089382403532673,-0.870000000000001,-6.075418994413417,10.265363128491623
2025-01-06,13.46,13.64,12.11,12.24,95354576.0,1231497075.0,1119083668.0,0.08520772729211164,-1.209999999999999,-8.99628252788104,11.375464684014878
2025-01-07,12.21,12.84,12.01,12.58,76513664.0,966854782.0,1119083668.0,0.0683717099872822,0.33999999999999986,2.777777777777768,6.781045751633988
2025-01-08,12.38,12.51,11.64,12.28,78863215.0,967844842.0,1119083668.0,0.0704712411190331,-0.3000000000000007,-2.384737678855331,6.915739268680439
2025-01-09,12.11,12.7,12.03,12.45,64834900.0,819613835.0,1119083668.0,0.05793570387446669,0.16999999999999993,1.384364820846895,5.456026058631921
2025-01-10,12.38,12.49,11.65,11.66,54919642.0,673384999.0,1119083668.0,0.04907554597606727,-0.7899999999999991,-6.3453815261044095,6.7469879518072275
2025-01-13,11.4,11.55,11.1,11.42,39315300.0,453483858.0,1119083668.0,0.03513168954584368,-0.2400000000000002,-2.0583190394511175,3.8593481989708494
2025-01-14,11.55,12.33,11.5,12.28,62535688.0,764133391.0,1119083668.0,0.0558811550808907,0.8599999999999994,7.53064798598948,7.267950963222418
2025-01-15,12.28,12.45,12.13,12.27,50191900.0,628360681.0,1119083668.0,0.04485089134550751,-0.009999999999999787,-0.08143322475570036,2.6058631921823983
2025-01-16,12.3,12.62,12.11,12.24,46999200.0,590337088.0,1119083668.0,0.04199793218678266,-0.02999999999999936,-0.24449877750610804,4.15647921760391
2025-01-17,12.16,12.66,12.05,12.29,49487200.0,619231834.0,1119083668.0,0.044221179716117526,0.049999999999998934,0.40849673202614234,4.98366013071895
2025-01-20,12.18,12.34,11.99,12.21,40682269.0,505319808.0,1119083668.0,0.036353196962213195,-0.0799999999999983,-0.6509357200976229,2.8478437754271737
2025-01-21,12.33,12.7,12.12,12.54,65428917.0,827302001.0,1119083668.0,0.05846651047721304,0.3299999999999983,2.7027027027026973,4.750204750204751
2025-01-22,12.52,12.57,12.17,12.26,41108599.0,513700587.0,1119083668.0,0.03673416043455296,-0.27999999999999936,-2.2328548644338087,3.189792663476877
2025-01-23,12.36,12.7,12.11,12.14,51791431.0,651258181.0,1119083668.0,0.046280213429046306,-0.11999999999999922,-0.9787928221859588,4.812398042414355
2025-01-24,12.0,12.47,11.98,12.45,47899776.0,596601733.0,1119083668.0,0.04280267630534306,0.3099999999999987,2.5535420098846684,4.036243822075784
2025-01-27,12.56,12.6,11.96,11.96,35284600.0,434632050.0,1119083668.0,0.03152990344596826,-0.48999999999999844,-3.9357429718875347,5.140562248995974
2025-02-05,12.11,12.45,12.01,12.32,38497738.0,478363349.0,1119083668.0,0.03440112576104542,0.35999999999999943,3.0100334448160515,3.678929765886283
2025-02-06,12.26,13.55,12.14,13.55,73241954.0,963161851.0,1119083668.0,0.06544814842208921,1.2300000000000004,9.983766233766245,11.444805194805195
2025-02-07,13.94,14.45,13.74,14.06,129731692.0,1845419137.0,1119083668.0,0.1159267137119903,0.5099999999999998,3.763837638376377,5.239852398523978
2025-02-10,14.09,14.97,13.86,14.66,106694183.0,1552905269.0,1119083668.0,0.09534066669981998,0.5999999999999996,4.267425320056906,7.894736842105271
2025-02-11,14.53,14.61,14.23,14.29,68115094.0,989285089.0,1119083668.0,0.06086684664224767,-0.370000000000001,-2.523874488403832,2.5920873124147272
2025-02-12,14.18,14.63,14.06,14.61,65855969.0,965089758.0,1119083668.0,0.05884811912025867,0.3200000000000003,2.2393282015395366,3.988803358992304
2025-02-13,14.5,14.57,14.12,14.24,55637600.0,805591021.0,1119083668.0,0.04971710479828037,-0.3699999999999992,-2.532511978097185,3.0800821355236216
2025-02-14,14.14,15.19,13.94,14.79,89380604.0,1326098924.0,1119083668.0,0.07986945619511981,0.5499999999999989,3.8623595505618002,8.778089887640448
2025-02-17,14.63,15.02,14.54,15.02,81557219.0,1221511122.0,1119083668.0,0.07287857139918515,0.23000000000000043,1.5551048005409074,3.245436105476676
2025-02-18,14.99,15.0,14.08,14.12,59810400.0,874985299.0,1119083668.0,0.0534458697863867,-0.9000000000000004,-5.992010652463387,6.125166444740346
2025-02-19,14.12,14.52,14.06,14.43,40061800.0,581150195.0,1119083668.0,0.035798753163467666,0.3100000000000005,2.195467422096331,3.2577903682719485
2025-02-20,14.85,15.87,14.85,15.39,142770730.0,2227503414.0,1119083668.0,0.12757824466794024,0.9600000000000009,6.652806652806653,7.068607068607066
2025-02-21,15.02,15.33,14.6,15.15,109968787.0,1665671537.0,1119083668.0,0.09826681430936583,-0.2400000000000002,-1.5594541910331383,4.7433398310591315
2025-02-24,15.0,15.22,14.71,14.88,61113731.0,924092328.0,1119083668.0,0.054610511034640534,-0.2699999999999996,-1.7821782178217838,3.3663366336633653
2025-02-25,14.24,14.89,14.24,14.56,46101071.0,681541059.0,1119083668.0,0.04119537467863395,-0.3200000000000003,-2.1505376344086002,4.368279569892476
2025-02-26,14.52,14.78,14.38,14.63,42572631.0,627973975.0,1119083668.0,0.03804240220580183,0.07000000000000028,0.48076923076922906,2.7472527472527375
2025-02-27,14.73,14.73,14.11,14.43,36801001.0,535291962.0,1119083668.0,0.032884941539509625,-0.20000000000000107,-1.36705399863295,4.237867395762139
2025-02-28,14.38,14.38,13.12,13.2,53708876.0,740723972.0,1119083668.0,0.04799361972281058,-1.2300000000000004,-8.52390852390853,8.731808731808744
2025-03-03,13.2,13.74,12.89,13.42,36265448.0,490559653.0,1119083668.0,0.03240637767934971,0.22000000000000064,1.6666666666666607,6.439393939393937
2025-03-04,13.26,13.66,13.16,13.59,25413100.0,347446619.0,1119083668.0,0.02270884718156748,0.16999999999999993,1.2667660208643738,3.7257824143070044
2025-03-05,13.59,13.81,13.29,13.43,37458039.0,510343226.0,1119083668.0,0.033472062966430495,-0.16000000000000014,-1.1773362766740236,3.8263428991905912
2025-03-06,13.54,13.96,13.46,13.81,47603969.0,660251996.0,1119083668.0,0.04253834665023456,0.3800000000000008,2.829486224869693,3.7230081906180192
2025-03-07,13.8,14.71,13.65,14.09,70990007.0,1020223782.0,1119083668.0,0.06343583507645292,0.27999999999999936,2.0275162925416312,7.675597393193341
2025-03-10,13.81,13.96,13.5,13.65,41281464.0,570576202.0,1119083668.0,0.036888630564841735,-0.4399999999999995,-3.1227821149751533,3.264726756564946
2025-03-11,13.3,13.72,13.21,13.62,23596563.0,322839661.0,1119083668.0,0.021085611089447155,-0.030000000000001137,-0.2197802197802301,3.736263736263735
2025-03-12,13.69,14.1,13.64,13.94,39029267.0,549275852.0,1119083668.0,0.03487609382214664,0.3200000000000003,2.3494860499265746,3.3773861967694505
2025-03-13,13.89,13.89,13.39,13.54,29068450.0,398904648.0,1119083668.0,0.025975224937336856,-0.40000000000000036,-2.8694404591104727,3.5868005738880915
2025-03-14,13.43,13.75,13.31,13.68,24319807.0,334529150.0,1119083668.0,0.021731893419071863,0.14000000000000057,1.0339734121122657,3.249630723781385
2025-03-17,13.7,14.22,13.63,14.07,43743949.0,621458108.0,1119083668.0,0.03908907819035386,0.39000000000000057,2.8508771929824706,4.3128654970760225
2025-03-18,14.07,14.13,13.88,13.97,27712732.0,391963729.0,1119083668.0,0.02476377128220229,-0.09999999999999964,-0.7107320540156281,1.77683013503909
2025-03-19,13.93,14.11,13.72,13.87,24011827.0,337133466.0,1119083668.0,0.021456686114375498,-0.10000000000000142,-0.7158196134574135,2.791696492483885
2025-03-20,13.84,14.07,13.78,13.81,25989355.0,366640298.0,1119083668.0,0.023223781870079084,-0.05999999999999872,-0.43258832011534576,2.0908435472242317
2025-03-21,13.64,13.73,13.38,13.42,26169025.0,357777492.0,1119083668.0,0.023384332868308825,-0.39000000000000057,-2.824040550325857,2.534395365677043
2025-03-24,13.5,13.93,13.19,13.67,27325401.0,374984975.0,1119083668.0,0.024417656857449555,0.25,1.8628912071535053,5.514157973174369
2025-03-25,13.44,13.49,13.08,13.1,23675083.0,315503714.0,1119083668.0,0.021155775637680025,-0.5700000000000003,-4.169714703730798,2.9992684711046094
2025-03-26,13.08,13.15,12.65,12.75,24149000.0,314297558.0,1119083668.0,0.02157926229337126,-0.34999999999999964,-2.6717557251908386,3.816793893129771
2025-03-27,12.75,12.81,12.5,12.71,16717100.0,214274906.0,1119083668.0,0.014938203887718608,-0.03999999999999915,-0.31372549019607066,2.4313725490196116
2025-03-28,12.68,12.79,12.48,12.48,14993815.0,191173454.0,1119083668.0,0.013398296685713048,-0.23000000000000043,-1.8095987411487102,2.439024390243892
2025-03-31,12.36,12.57,12.2,12.53,17580637.0,220081601.0,1119083668.0,0.015709850391633095,0.049999999999998934,0.4006410256410131,2.9647435897435974
2025-04-01,12.53,12.93,12.47,12.8,19941573.0,256686007.0,1119083668.0,0.017819555025442475,0.27000000000000135,2.154828411811671,3.6711891460494743
2025-04-02,12.83,12.86,12.68,12.74,9493706.0,122483159.0,1119083668.0,0.008483463990647748,-0.0600000000000005,-0.46875000000000666,1.4062499999999978
2025-04-03,12.55,12.8,12.44,12.58,11823690.0,151013849.0,1119083668.0,0.010565510281399263,-0.16000000000000014,-1.2558869701726816,2.8257456828885497
2025-04-07,11.46,11.91,11.33,11.33,17028900.0,197225369.0,1119083668.0,0.015216824699473677,-1.25,-9.936406995230529,4.610492845786964
2025-04-08,11.12,11.5,10.49,10.88,30012047.0,330901484.0,1119083668.0,0.026818412115366515,-0.4499999999999993,-3.971756398940862,8.914386584289495
2025-04-09,10.57,11.07,9.88,10.94,29358900.0,312772035.0,1119083668.0,0.026234767640269056,0.05999999999999872,0.5514705882352811,10.937499999999995
2025-04-10,10.97,11.31,10.93,10.96,31789664.0,356889188.0,1119083668.0,0.0284068697533704,0.02000000000000135,0.1828153564899626,3.4734917733089654
2025-04-11,10.67,11.11,10.67,10.98,18860100.0,209031203.0,1119083668.0,0.016853163475887667,0.019999999999999574,0.18248175182480342,4.014598540145981
2025-04-14,11.21,11.52,11.12,11.38,26042901.0,298113299.0,1119083668.0,0.023271629945724487,0.40000000000000036,3.642987249544638,3.6429872495446296
2025-04-15,11.49,11.51,11.24,11.33,14520900.0,166991676.0,1119083668.0,0.012975705405433547,-0.05000000000000071,-0.4393673110720586,2.3725834797890997
2025-04-16,11.25,11.29,10.87,11.09,16685400.0,186927161.0,1119083668.0,0.014909877140660764,-0.2400000000000002,-2.118270079435125,3.7069726390114734
2025-04-17,11.04,11.22,10.92,10.98,10998900.0,123371981.0,1119083668.0,0.009828487640836521,-0.10999999999999943,-0.9918845807033283,2.70513976555456
2025-04-18,10.96,11.03,10.84,10.86,15239600.0,168289452.0,1119083668.0,0.013617927270117215,-0.120000000000001,-1.0928961748634003,1.7304189435336932
2025-04-21,10.88,11.06,10.74,11.04,15341800.0,170581631.0,1119083668.0,0.013709251987761115,0.17999999999999972,1.6574585635359185,2.9465930018416233
2025-04-22,11.03,11.08,10.85,10.89,11690600.0,129146377.0,1119083668.0,0.010446582623168083,-0.14999999999999858,-1.3586956521739024,2.0833333333333375
2025-04-23,10.96,11.35,10.95,11.19,21413489.0,241692744.0,1119083668.0,0.01913484184633816,0.29999999999999893,2.754820936639102,3.673094582185495
2025-04-24,11.16,11.24,10.84,10.88,14988400.0,166260782.0,1119083668.0,0.013393457905419097,-0.3099999999999987,-2.770330652368169,3.5746201966041142
2025-04-25,10.87,11.03,10.82,10.93,9504268.0,105235143.0,1119083668.0,0.008492902069588599,0.049999999999998934,0.4595588235293935,1.9301470588235208
2025-04-28,10.94,11.0,10.65,10.67,14092700.0,153484792.0,1119083668.0,0.012593070923093839,-0.2599999999999998,-2.3787740164684323,3.202195791399814
2025-04-29,10.65,10.86,10.55,10.79,10105500.0,110203106.0,1119083668.0,0.009030155911452368,0.11999999999999922,1.1246485473289436,2.9053420805998003
2025-04-30,10.85,11.2,10.8,11.08,16845200.0,188148822.0,1119083668.0,0.015052672540655825,0.2900000000000009,2.6876737720111343,3.7071362372567065
2025-05-06,11.09,11.56,11.09,11.56,21125700.0,244024072.0,1119083668.0,0.018877676981699995,0.4800000000000004,4.332129963898912,4.241877256317695
2025-05-07,11.72,11.81,11.38,11.5,19703222.0,229938206.0,1119083668.0,0.017606567375979255,-0.0600000000000005,-0.5190311418685201,3.7197231833910007
2025-05-08,11.5,11.8,11.43,11.75,20685100.0,244672978.0,1119083668.0,0.018483962005243024,0.25,2.1739130434782705,3.2173913043478346
2025-05-09,11.74,11.74,11.44,11.49,13186100.0,153837583.0,1119083668.0,0.011782943829004213,-0.2599999999999998,-2.212765957446805,2.553191489361708
2025-05-12,11.59,11.69,11.58,11.69,12287100.0,144785724.0,1119083668.0,0.010979608005502588,0.1999999999999993,1.7406440382941701,0.9573542210617878
2025-05-13,11.83,11.85,11.6,11.66,13700000.0,162246259.0,1119083668.0,0.012242158823105977,-0.02999999999999936,-0.2566295979469557,2.1385799828913603
2025-05-14,11.69,11.74,11.52,11.65,11643420.0,136913575.0,1119083668.0,0.010404423130228364,-0.009999999999999787,-0.08576329331045907,1.8867924528301943
2025-05-15,11.63,11.64,11.44,11.47,9578605.0,111433719.0,1119083668.0,0.00855932873823336,-0.17999999999999972,-1.5450643776824036,1.7167381974249016
2025-05-16,11.45,11.61,11.37,11.43,8609207.0,100179920.0,1119083668.0,0.007693086090145675,-0.040000000000000924,-0.34873583260680574,2.092414995640804
2025-05-19,11.43,11.5,11.27,11.49,8653892.0,99809392.0,1119083668.0,0.007733016080438411,0.0600000000000005,0.5249343832021136,2.012248468941386
2025-05-20,11.4,11.66,11.35,11.65,11557600.0,134805701.0,1110463175.0,0.010407909294245619,0.16000000000000014,1.3925152306353272,2.697998259355966
2025-05-21,11.66,11.68,11.45,11.5,9234200.0,107652249.0,1110463175.0,0.008315629196798895,-0.15000000000000036,-1.2875536480686733,1.9742489270386303
2025-05-22,11.5,11.72,11.34,11.52,13574700.0,158171117.0,1110463175.0,0.012224358543001662,0.019999999999999574,0.17391304347824654,3.304347826086963
2025-05-23,11.5,11.52,11.19,11.2,13577100.0,156015877.0,1110463175.0,0.01222651980332441,-0.3200000000000003,-2.777777777777779,2.864583333333334
2025-05-26,11.2,11.47,11.12,11.47,13413202.0,153673914.0,1110463175.0,0.012078925534833697,0.27000000000000135,2.4107142857142883,3.1250000000000133
2025-05-27,11.48,11.48,11.26,11.38,8376810.0,96070608.0,1110463175.0,0.007543527951748602,-0.08999999999999986,-0.7846556233653046,1.9180470793374074
2025-05-28,11.39,11.55,11.22,11.28,9007652.0,103478373.0,1110463175.0,0.00811161702863312,-0.10000000000000142,-0.8787346221441283,2.899824253075572
2025-05-29,11.21,11.52,11.21,11.48,13105477.0,151861648.0,1110463175.0,0.011801811437826383,0.20000000000000107,1.7730496453900901,2.7482269503545984
2025-05-30,11.44,11.47,11.07,11.11,14962400.0,169182633.0,1110463175.0,0.013474017272117106,-0.370000000000001,-3.222996515679455,3.4843205574912925
2025-06-03,10.99,11.18,10.86,10.88,16316200.0,181092220.0,1110463175.0,0.014693148199173736,-0.22999999999999865,-2.070207020702053,2.880288028802883
2025-06-04,10.89,11.0,10.82,10.98,10642731.0,117573542.0,1110463175.0,0.009584046764990653,0.09999999999999964,0.9191176470588092,1.6544117647058796
2025-06-05,10.93,11.16,10.88,11.11,11368845.0,127025897.0,1110463175.0,0.010237930672487182,0.129999999999999,1.1839708561020013,2.5500910746812324
2025-06-06,11.14,11.94,11.02,11.7,53837996.0,634378975.0,1110463175.0,0.04848246858793854,0.5899999999999999,5.310531053105305,8.28082808280828
2025-06-09,11.32,12.09,11.32,11.86,50629511.0,598648345.0,1110463175.0,0.04559314720184215,0.16000000000000014,1.3675213675213627,6.581196581196578
2025-06-10,11.85,11.91,11.58,11.68,27276325.0,323371005.0,1110463175.0,0.024563016238696975,-0.17999999999999972,-1.5177065767284947,2.7824620573355827
2025-06-11,11.66,11.83,11.46,11.51,28486922.0,335312654.0,1110463175.0,0.02565318926492092,-0.16999999999999993,-1.4554794520547976,3.1678082191780756
2025-06-12,11.45,11.68,11.45,11.51,20842052.0,244271546.0,1110463175.0,0.018768791680102315,0.0,0.0,1.998262380538666
2025-06-13,11.45,11.49,11.13,11.16,19047800.0,215831775.0,1110463175.0,0.017153022656514475,-0.34999999999999964,-3.040834057341435,3.127715030408336
2025-06-16,11.15,11.61,11.05,11.4,22320348.0,254384323.0,1110463175.0,0.020100034384300948,0.2400000000000002,2.1505376344086002,5.017921146953394
2025-06-17,11.33,11.52,11.19,11.36,16376323.0,187757802.0,1110463175.0,0.014747290471833971,-0.040000000000000924,-0.35087719298246833,2.8947368421052637
2025-06-18,11.31,11.56,11.27,11.37,13603532.0,156249581.0,1110463175.0,0.012250322483678938,0.009999999999999787,0.08802816901407606,2.552816901408459
2025-06-19,11.29,11.37,11.06,11.13,16253600.0,182987254.0,1110463175.0,0.0146367753257554,-0.23999999999999844,-2.110817941952492,2.7264731750219764
2025-06-20,11.11,11.18,10.93,10.95,12737000.0,141338791.0,1110463175.0,0.011469988637849248,-0.1800000000000015,-1.6172506738544645,2.2461814914645104
2025-06-23,10.84,11.16,10.77,11.13,10018083.0,111304461.0,1110463175.0,0.009021535540789095,0.1800000000000015,1.6438356164383716,3.5616438356164437
2025-06-24,11.15,11.41,11.13,11.38,15630300.0,178255487.0,1110463175.0,0.014075478009435117,0.25,2.246181491464516,2.5157232704402457
2025-06-25,11.42,11.54,11.27,11.49,17321900.0,198953649.0,1110463175.0,0.015598806326918496,0.10999999999999943,0.9666080843585112,2.3725834797890997
2025-06-26,11.42,11.66,11.42,11.5,17773721.0,206509093.0,1110463175.0,0.016005682493703585,0.009999999999999787,0.08703220191470518,2.088772845953004
2025-06-27,11.58,11.74,11.5,11.62,22089676.0,259048298.0,1110463175.0,0.019892308450480584,0.11999999999999922,1.043478260869568,2.086956521739132
2025-06-30,11.62,11.73,11.57,11.69,17000424.0,199681056.0,1110613175.0,0.0153072414254405,0.07000000000000028,0.6024096385542244,1.376936316695354
2025-07-01,11.69,11.77,11.49,11.61,13333409.0,155863635.0,1110613175.0,0.01200544825159309,-0.08000000000000007,-0.6843455945252375,2.395209580838318
2025-07-02,11.59,11.59,11.3,11.35,16817500.0,192626809.0,1110613175.0,0.01514253601394563,-0.2599999999999998,-2.239448751076656,2.4978466838931883
2025-07-03,11.34,11.54,11.32,11.5,12346636.0,142610977.0,1110613175.0,0.011116954379728117,0.15000000000000036,1.3215859030837107,1.9383259911894175
2025-07-04,11.5,11.5,11.26,11.28,12398900.0,141769277.0,1110613175.0,0.011164013068726652,-0.22000000000000064,-1.9130434782608785,2.086956521739132
2025-07-07,11.28,11.3,11.18,11.28,7495700.0,84956200.0,1110613175.0,0.006749154583007715,0.0,0.0,1.0638297872340514
2025-07-08,11.27,11.44,11.22,11.38,11549400.0,132118236.0,1110613175.0,0.010399120287763559,0.10000000000000142,0.8865248226950451,1.950354609929068
2025-07-09,11.37,11.48,11.32,11.33,10420007.0,119563059.0,1110613175.0,0.009382210867433658,-0.05000000000000071,-0.4393673110720586,1.4059753954305811
2025-07-10,11.32,11.39,11.22,11.3,9882307.0,112338673.0,1110613175.0,0.008898063900601575,-0.02999999999999936,-0.26478375992938785,1.5004413062665483
2025-07-11,11.3,11.41,11.14,11.34,13003107.0,147981070.0,1110613175.0,0.01170804317173709,0.03999999999999915,0.3539823008849474,2.3893805309734475
2025-07-14,11.33,11.36,11.17,11.2,13712036.0,154851036.0,1110613175.0,0.01234636533102536,-0.14000000000000057,-1.2345679012345734,1.675485008818338
2025-07-15,11.18,11.2,10.99,11.17,14615900.0,163328537.0,1110613175.0,0.013160207648356053,-0.02999999999999936,-0.2678571428571419,1.874999999999992
2025-07-16,11.15,11.37,11.15,11.2,12834443.0,145669271.0,1110613175.0,0.011556177514281694,0.02999999999999936,0.26857654431511335,1.9695613249776085
2025-07-17,11.2,11.41,11.15,11.41,15672796.0,178995935.0,1110613175.0,0.014111840515488212,0.21000000000000085,1.8750000000000044,2.32142857142857
2025-07-18,11.43,11.5,11.33,11.38,10639600.0,122020779.0,1110613175.0,0.009579933175202969,-0.02999999999999936,-0.262927256792278,1.4899211218229618
2025-07-21,11.41,11.51,11.36,11.5,13473387.0,155332186.0,1110613175.0,0.01213148493398703,0.11999999999999922,1.0544815465729274,1.3181019332161716
2025-07-22,11.48,11.51,11.35,11.45,10844000.0,124740605.0,1110613175.0,0.009763975652458833,-0.05000000000000071,-0.43478260869566077,1.3913043478260883
2025-07-23,11.46,11.54,11.35,11.38,13616180.0,157174142.0,1110613175.0,0.012260056252259028,-0.06999999999999851,-0.6113537117903856,1.6593886462882055
2025-07-24,11.41,11.53,11.37,11.53,13122236.0,151787544.0,1110613175.0,0.01181530734137023,0.14999999999999858,1.3181019332161537,1.4059753954305811
2025-07-25,11.53,11.62,11.5,11.58,11888000.0,138523567.0,1110613175.0,0.0107039969159379,0.05000000000000071,0.43365134431916363,1.040763226365995
2025-07-28,11.6,11.65,11.51,11.59,10809394.0,126101929.0,1110613175.0,0.009732816288623625,0.009999999999999787,0.08635578583764403,1.2089810017271208
2025-07-29,11.56,11.62,11.44,11.62,11770189.0,136693537.0,1110613175.0,0.010597919478129728,0.02999999999999936,0.2588438308886998,1.5530629853321805
2025-07-30,11.62,11.62,11.42,11.51,12018600.0,139538695.0,1110613175.0,0.010821589614223692,-0.10999999999999943,-0.9466437177280462,1.721170395869185
2025-07-31,11.55,11.73,11.32,11.36,18859400.0,218717606.0,1110613175.0,0.016981069939135198,-0.15000000000000036,-1.3032145960034769,3.5621198957428337
2025-08-01,11.36,11.5,11.3,11.45,12017103.0,138110187.0,1110613175.0,0.0108202417101706,0.08999999999999986,0.7922535211267512,1.760563380281684
2025-08-04,11.35,11.52,11.3,11.5,9726450.0,112156483.0,1110613175.0,0.008757729710886961,0.05000000000000071,0.4366812227074357,1.9213973799126538
2025-08-05,11.5,11.68,11.5,11.66,14109130.0,164793198.0,1110613175.0,0.0127039101620598,0.16000000000000014,1.3913043478260834,1.5652173913043455
2025-08-06,11.66,11.71,11.54,11.69,13343559.0,156642632.0,1110613175.0,0.012014587347210247,0.02999999999999936,0.2572898799313883,1.4579759862778878
2025-08-07,11.67,11.75,11.6,11.62,12511900.0,147166233.0,1110613175.0,0.011265758665252644,-0.07000000000000028,-0.5988023952095856,1.2831479897348192
2025-08-08,11.6,11.6,11.45,11.49,13824000.0,160036532.0,1110613175.0,0.012447178109515943,-0.129999999999999,-1.1187607573149627,1.2908777969018963
2025-08-11,11.45,11.69,11.45,11.66,13304896.0,155827778.0,1110613175.0,0.011979775046338704,0.16999999999999993,1.4795474325500324,2.088772845953004
2025-08-12,11.63,11.73,11.56,11.68,11848688.0,139232750.0,1110613175.0,0.010668600253188965,0.019999999999999574,0.17152658662091813,1.4579759862778725
2025-08-13,11.68,11.77,11.64,11.77,17045750.0,201407285.0,1110613175.0,0.015348053114893042,0.08999999999999986,0.7705479452054798,1.1130136986301284
2025-08-14,11.81,11.82,11.51,11.56,16738811.0,196426806.0,1110613175.0,0.015071684162219668,-0.20999999999999908,-1.7841971112999122,2.633814783347498
2025-08-15,11.55,11.72,11.52,11.69,15025094.0,176494599.0,1110613175.0,0.013528647361850358,0.129999999999999,1.1245674740484324,1.730103806228383
2025-08-18,11.69,12.58,11.67,12.19,51973275.0,638314906.0,1110613175.0,0.04679691918835737,0.5,4.277159965782729,7.784431137724552
2025-08-19,12.14,12.55,12.08,12.38,50974334.0,634761028.0,1110613175.0,0.04589746920659392,0.19000000000000128,1.5586546349466879,3.8556193601312607
2025-08-20,12.47,12.74,12.29,12.51,41283008.0,518059180.0,1110613175.0,0.03717136526855987,0.129999999999999,1.050080775444262,3.634894991922464
2025-08-21,12.6,12.65,12.3,12.41,31482023.0,395565708.0,1110613175.0,0.02834652398212366,-0.09999999999999964,-0.7993605115907298,2.797761790567543
2025-08-22,12.33,12.46,12.32,12.4,28277045.0,352532338.0,1110613175.0,0.025460750544400845,-0.009999999999999787,-0.08058017727639033,1.1281224818694646
2025-08-25,12.41,12.46,12.27,12.39,31509275.0,392537729.0,1110613175.0,0.028371061778553096,-0.009999999999999787,-0.08064516129031585,1.5322580645161394
2025-08-26,12.32,12.73,12.23,12.6,43522104.0,551522782.0,1110613175.0,0.03918745516412589,0.20999999999999908,1.6949152542372836,4.035512510088781
2025-08-27,12.64,12.95,12.36,12.4,50951118.0,652385846.0,1110613175.0,0.045876565438727125,-0.1999999999999993,-1.5873015873015817,4.682539682539682
2025-08-28,12.3,12.65,12.23,12.61,36226872.0,455623590.0,1110613175.0,0.03261880267177634,0.20999999999999908,1.693548387096766,3.387096774193548
2025-08-29,12.61,12.68,12.29,12.45,22542700.0,282644915.0,1110613175.0,0.02029752618412797,-0.16000000000000014,-1.2688342585249868,3.0927835051546437
2025-09-01,12.47,12.57,12.32,12.45,25798773.0,323186129.0,1110613175.0,0.023229305739147207,0.0,0.0,2.0080321285140563
2025-09-02,12.39,12.41,12.04,12.12,27224979.0,335014445.0,1110613175.0,0.02451346662621754,-0.33000000000000007,-2.6506024096385583,2.9718875502008113
2025-09-03,12.13,12.38,11.93,11.98,24480028.0,299561358.0,1110613175.0,0.02204190311356607,-0.1399999999999988,-1.1551155115511413,3.7128712871287215
2025-09-04,12.04,12.67,11.87,12.53,48879672.0,605270135.0,1110613175.0,0.04401142819145829,0.5499999999999989,4.590984974958245,6.677796327212025
2025-09-05,12.58,12.81,12.37,12.73,45183362.0,575502685.0,1110613175.0,0.04068325769681239,0.20000000000000107,1.5961691939345712,3.511572226656036
2025-09-08,12.73,12.9,12.52,12.71,33775459.0,432039128.0,1110613175.0,0.030411541804373065,-0.019999999999999574,-0.15710919088766095,2.985074626865678
2025-09-09,13.01,13.98,12.92,13.98,141626634.0,1944781859.0,1110613175.0,0.1275211182327276,1.2699999999999996,9.992132179386303,8.339889850511412
2025-09-10,13.11,13.62,13.06,13.4,103708936.0,1401610941.0,1110613175.0,0.0933798898973083,-0.5800000000000001,-4.14878397711016,4.005722460658074
2025-09-11,13.37,13.39,12.85,13.29,62860913.0,834213585.0,1110613175.0,0.056600186649145415,-0.11000000000000121,-0.8208955223880654,4.0298507462686635
2025-09-12,13.38,13.68,13.23,13.66,72082914.0,978961123.0,1110613175.0,0.0649037087102807,0.370000000000001,2.784048156508656,3.386004514672681
2025-09-15,13.77,14.91,13.75,14.15,89048075.0,1277891305.0,1110613175.0,0.08017919920678053,0.4900000000000002,3.5871156661786197,8.491947291361642
2025-09-16,13.9,14.0,13.41,13.66,60464684.0,830828361.0,1110613175.0,0.05444261364898719,-0.4900000000000002,-3.4628975265017736,4.169611307420493
2025-09-17,13.63,14.1,13.51,14.09,56328688.0,790432554.0,1110613175.0,0.050718548337048135,0.4299999999999997,3.1478770131771583,4.319180087847729
2025-09-18,13.9,14.05,13.35,13.5,53303935.0,739136200.0,1110613175.0,0.047995050121749185,-0.5899999999999999,-4.187366926898505,4.968062455642308
2025-09-19,13.51,13.75,13.22,13.59,36121138.0,490823273.0,1110613175.0,0.032523599407147316,0.08999999999999986,0.6666666666666599,3.9259259259259207
2025-09-22,13.52,14.39,13.41,14.2,54476843.0,772167751.0,1110613175.0,0.049051140600776685,0.6099999999999994,4.488594554819714,7.211184694628406
2025-09-23,14.1,14.44,13.63,14.38,62856638.0,892823535.0,1110613175.0,0.0565963374241441,0.1800000000000015,1.2676056338028374,5.704225352112667
2025-09-24,14.2,14.65,13.97,14.58,58052835.0,841250040.0,1110613175.0,0.05227097634601714,0.1999999999999993,1.3908205841446364,4.728789986091792
2025-09-25,14.49,14.75,14.27,14.3,44216176.0,644132904.0,1110613175.0,0.039812400028479765,-0.27999999999999936,-1.9204389574759895,3.292181069958851
2025-09-26,14.2,14.21,13.5,13.52,39347099.0,546753877.0,1110613175.0,0.03542826601170115,-0.7800000000000011,-5.4545454545454675,4.965034965034971
2025-09-29,13.4,13.65,13.12,13.33,24805344.0,333363212.0,1110613175.0,0.0223348187815258,-0.1899999999999995,-1.4053254437869755,3.9201183431952744
2025-09-30,13.46,13.63,13.2,13.45,22896901.0,309342384.0,1110613175.0,0.020616450007447464,0.11999999999999922,0.900225056264059,3.225806451612914
2025-10-09,13.58,13.79,13.43,13.48,26208000.0,359242803.0,1110613175.0,0.02359777516595731,0.030000000000001137,0.22304832713755385,2.6765799256505534
2025-10-10,13.46,14.09,13.3,13.94,41222375.0,574539297.0,1110613175.0,0.03711677110259384,0.4599999999999991,3.4124629080118707,5.860534124629074
2025-10-13,13.35,13.78,13.28,13.55,28318337.0,385335984.0,1110613175.0,0.025497930006097756,-0.3899999999999988,-2.7977044476326984,3.5868005738880915
2025-10-14,13.65,13.94,13.05,13.2,27145802.0,369786740.0,1110613175.0,0.024442175377579145,-0.3500000000000014,-2.583025830258312,6.568265682656817
2025-10-15,13.17,13.38,13.0,13.3,19652125.0,260681379.0,1110613175.0,0.0176948423108703,0.10000000000000142,0.7575757575757791,2.8787878787878847
2025-10-16,13.3,13.83,12.88,13.46,29969872.0,402519937.0,1110613175.0,0.02698497791546548,0.16000000000000014,1.2030075187969835,7.142857142857137
2025-10-17,13.35,13.38,12.76,12.76,22699698.0,296976241.0,1110613175.0,0.020438887734246444,-0.7000000000000011,-5.20059435364042,4.606240713224376
2025-10-20,12.93,13.17,12.91,13.02,14944259.0,196699305.0,1110613175.0,0.013455863244193912,0.2599999999999998,2.0376175548589393,2.0376175548589326
2025-10-21,13.07,13.37,12.95,13.24,18541879.0,245615087.0,1110613175.0,0.016695172916528746,0.22000000000000064,1.6897081413210557,3.2258064516129026
2025-10-22,13.16,13.32,13.05,13.28,13515629.0,179864743.0,1110613175.0,0.012169519779017568,0.03999999999999915,0.302114803625364,2.0392749244712958
2025-10-23,13.22,13.43,13.14,13.33,13225302.0,176561630.0,1110613175.0,0.011908108329437025,0.05000000000000071,0.3765060240964013,2.18373493975903
2025-10-24,13.3,13.64,13.26,13.4,21648044.0,294662804.0,1110613175.0,0.01949197478230888,0.07000000000000028,0.5251312828207011,2.850712678169548
2025-10-27,13.42,13.47,12.88,12.92,32846517.0,432633891.0,1110613175.0,0.029575119167841675,-0.4800000000000004,-3.5820895522388096,4.402985074626865
2025-10-28,12.83,13.34,12.73,13.16,23663158.0,310286745.0,1110613175.0,0.021306390499104245,0.2400000000000002,1.8575851393188847,4.721362229102163
2025-10-29,13.28,13.66,13.08,13.55,30259110.0,410190383.0,1110613175.0,0.027245408825624637,0.39000000000000057,2.9635258358662764,4.407294832826748
2025-10-30,13.47,13.47,13.15,13.16,17605579.0,235681492.0,1110613175.0,0.015852125110977545,-0.39000000000000057,-2.8782287822878283,2.3616236162361646
2025-10-31,13.17,13.58,13.16,13.5,23111648.0,313591870.0,1110613175.0,0.02080980895981177,0.33999999999999986,2.583586626139822,3.1914893617021276
2025-11-03,13.49,13.8,13.4,13.7,23846899.0,328259630.0,1110613175.0,0.021471831540266034,0.1999999999999993,1.4814814814814836,2.9629629629629655
2025-11-04,13.69,13.69,13.23,13.32,21102840.0,284612908.0,1110613175.0,0.019001071187544665,-0.379999999999999,-2.7737226277372184,3.3576642335766356
2025-11-05,13.17,13.52,13.12,13.45,14446477.0,194450306.0,1110613175.0,0.013007658584637266,0.129999999999999,0.9759759759759623,3.003003003003006
2025-11-06,13.38,13.49,13.0,13.04,25041992.0,330792218.0,1110613175.0,0.022547897471142463,-0.41000000000000014,-3.0483271375464693,3.6431226765799276
2025-11-07,13.0,13.02,12.65,12.7,20698472.0,266301079.0,1110613175.0,0.018636976821385178,-0.33999999999999986,-2.60736196319018,2.8374233128834296
2025-11-10,12.71,12.91,12.61,12.66,14440006.0,184709591.0,1110613175.0,0.013001832073530012,-0.03999999999999915,-0.31496062992125706,2.362204724409455
2025-11-11,12.66,12.75,12.46,12.54,17453431.0,221276512.0,1110613175.0,0.01571513051787811,-0.120000000000001,-0.9478672985782088,2.2906793048973078
2025-11-12,12.54,12.59,12.31,12.45,14054406.0,176055709.0,1110613175.0,0.012654636480428931,-0.08999999999999986,-0.7177033492822948,2.232854864433807
2025-11-13,12.41,12.53,12.31,12.46,11606022.0,145507450.0,1110613175.0,0.010450102935254663,0.010000000000001563,0.08032128514057213,1.7670682730923604
2025-11-14,12.43,12.46,12.11,12.11,18636472.0,230063019.0,1110613175.0,0.01678034478566311,-0.3500000000000014,-2.8089887640449507,2.808988764044955
2025-11-17,12.06,12.27,11.94,12.23,12464518.0,152731967.0,1110613175.0,0.011223095746185435,0.120000000000001,0.9909165978530199,2.7250206440957894
2025-11-18,12.2,12.2,12.06,12.16,9033500.0,110409209.0,1110613175.0,0.008133795099270275,-0.07000000000000028,-0.5723630417007408,1.1447260834014619
2025-11-19,12.15,12.16,11.88,11.92,10535098.0,127141883.0,1110613175.0,0.009485839207697135,-0.2400000000000002,-1.9736842105263164,2.3026315789473633
2025-11-20,12.0,12.04,11.8,11.82,9147711.0,109552507.0,1110613175.0,0.00823663108444576,-0.09999999999999964,-0.8389261744966459,2.013422818791933
2025-11-21,11.71,11.89,11.46,11.47,13513465.0,157937251.0,1110613175.0,0.01216757130582392,-0.34999999999999964,-2.9610829103214886,3.637901861252112
2025-11-24,11.54,11.77,11.47,11.71,10447670.0,122313399.0,1110613175.0,0.009407118729705326,0.2400000000000002,2.0924149956408122,2.615518744550993
2025-11-25,11.74,11.94,11.71,11.86,14566000.0,174107970.0,1110613175.0,0.013115277513252983,0.14999999999999858,1.2809564474807633,1.9641332194705263
2025-11-26,11.87,12.07,11.76,11.81,14373814.0,171866548.0,1110613175.0,0.012942232564457017,-0.049999999999998934,-0.4215851602023535,2.6138279932546418
2025-11-27,11.79,12.5,11.76,12.33,27546719.0,340170806.0,1110613175.0,0.0248031624512288,0.5199999999999996,4.403048264182896,6.265876375952583
2025-11-28,12.34,12.56,12.24,12.37,15801039.0,197031721.0,1110613175.0,0.014227310962703103,0.03999999999999915,0.32441200324411223,2.5952960259529623
2025-12-01,12.34,12.38,12.14,12.38,17138325.0,211963522.0,1110613175.0,0.015431407969746081,0.010000000000001563,0.08084074373484462,1.9401778496362185
2025-12-02,12.34,12.34,12.18,12.22,10317813.0,127094905.0,1110613175.0,0.009290195031226781,-0.16000000000000014,-1.2924071082390909,1.2924071082390964
2025-12-03,12.19,12.22,11.89,11.94,11045907.0,133589699.0,1110613175.0,0.00994577342376656,-0.28000000000000114,-2.2913256955810257,2.700490998363339
2025-12-04,11.94,12.02,11.69,11.83,8535715.0,101493870.0,1110613175.0,0.007685587738503102,-0.10999999999999943,-0.9212730318257867,2.7638190954773876
2025-12-05,11.81,11.92,11.66,11.87,10398254.0,123465341.0,1110613175.0,0.009362624389900652,0.03999999999999915,0.33812341504648735,2.1978021978021958
2025-12-08,11.88,12.07,11.85,11.86,12625487.0,151672291.0,1110613175.0,0.011368032798638465,-0.009999999999999787,-0.08424599831508006,1.8534119629317662
2025-12-09,11.82,11.88,11.7,11.71,9354611.0,110999575.0,1110613175.0,0.008422924570474324,-0.14999999999999858,-1.2647554806070715,1.5177065767285118
2025-12-10,11.67,11.74,11.54,11.71,9331084.0,109596474.0,1110613175.0,0.00840174077711621,0.0,0.0,1.7079419299743899
2025-12-11,11.74,11.75,11.38,11.39,13036557.0,151307792.0,1110613175.0,0.011738161669115801,-0.3200000000000003,-2.7327070879590076,3.1596925704525978
2025-12-12,11.42,11.49,11.28,11.34,8689157.0,99780347.0,1110613175.0,0.007823747453743288,-0.05000000000000071,-0.4389815627743654,1.843722563652334
2025-12-15,11.27,11.42,11.16,11.28,8731570.0,99272555.0,1110613175.0,0.007861936267773881,-0.0600000000000005,-0.5291005291005346,2.2927689594356244
2025-12-16,11.29,11.31,11.13,11.14,8908564.0,100388570.0,1110613175.0,0.00802130228645991,-0.1399999999999988,-1.241134751773043,1.5957446808510614
2025-12-17,11.12,11.22,10.89,11.17,13004039.0,144696732.0,1110613175.0,0.011708882347807552,0.02999999999999936,0.2692998204667729,2.9622980251346505
2025-12-18,11.11,11.3,11.04,11.22,8428300.0,95297112.0,1110613175.0,0.007588870895575321,0.05000000000000071,0.44762757385856666,2.3276633840644725
2025-12-19,11.26,11.32,11.22,11.27,9198330.0,104389992.0,1110613175.0,0.008282208609671859,0.049999999999998934,0.4456327985739694,0.8912655971479468
2025-12-22,11.27,11.92,11.23,11.65,27983019.0,326108270.0,1110613175.0,0.025196008502240214,0.3800000000000008,3.371783496007108,6.122448979591832
2025-12-23,11.42,11.51,11.17,11.18,28033233.0,318507855.0,1110613175.0,0.025241221364045136,-0.47000000000000064,-4.034334763948499,2.918454935622316
2025-12-24,11.17,11.59,11.13,11.55,25177088.0,290854348.0,1110613175.0,0.022669538383605074,0.370000000000001,3.3094812164579768,4.114490161001781
2025-12-25,11.5,11.63,11.47,11.5,11896814.0,138331334.0,1110613175.0,0.010711933072466928,-0.05000000000000071,-0.43290043290044045,1.3852813852813866
2025-12-26,11.47,11.6,11.42,11.52,10228403.0,118724117.0,1110613175.0,0.009209689953479977,0.019999999999999574,0.17391304347824654,1.5652173913043455
2025-12-29,11.47,11.76,11.44,11.64,16861691.0,197344830.0,1110613175.0,0.015182325745415365,0.120000000000001,1.041666666666674,2.7777777777777803
2025-12-30,11.64,11.78,11.57,11.62,11505985.0,135427369.0,1110613175.0,0.010360029269416869,-0.02000000000000135,-0.1718213058419349,1.804123711340198
2025-12-31,11.66,11.76,11.6,11.69,10896802.0,128487288.0,1110606175.0,0.00981158059921646,0.07000000000000028,0.6024096385542244,1.376936316695354
2026-01-05,11.72,12.61,11.69,12.55,40887378.0,507483545.0,1110606175.0,0.03681537066908529,0.8600000000000012,7.356715141146286,7.869974337040205
2026-01-06,12.51,12.68,12.37,12.42,23843273.0,299846784.0,1110606175.0,0.021468701990604366,-0.13000000000000078,-1.035856573705185,2.4701195219123546
2026-01-07,12.41,12.41,12.1,12.19,19491102.0,239656601.0,1110606175.0,0.01754996725099246,-0.23000000000000043,-1.85185185185186,2.495974235104674
2026-01-08,12.19,12.3,12.11,12.26,12138289.0,149491049.0,1110606175.0,0.010929426896082223,0.07000000000000028,0.5742411812961423,1.5586546349466883
2026-01-09,12.31,12.42,12.19,12.42,17670782.0,219350509.0,1110606175.0,0.015910934404808258,0.16000000000000014,1.3050570962479524,1.8760195758564473
2026-01-12,12.5,12.88,12.5,12.83,30714278.0,393477728.0,1110606175.0,0.027655417997293236,0.41000000000000014,3.301127214170685,3.059581320450892
2026-01-13,12.85,12.85,12.39,12.46,22586961.0,286549585.0,1110606175.0,0.020337507127582827,-0.3699999999999992,-2.883865939204977,3.5853468433359246
2026-01-14,12.44,12.88,12.41,12.66,26947715.0,344030313.0,1110606175.0,0.02426397007922273,0.1999999999999993,1.6051364365970988,3.772070626003215
2026-01-15,12.58,12.69,12.4,12.46,17040300.0,214656577.0,1110606175.0,0.015343242621535037,-0.1999999999999993,-1.579778830963663,2.2906793048973078
2026-01-16,12.5,12.55,12.13,12.48,17942511.0,223443373.0,1110606175.0,0.016155601692021928,0.019999999999999574,0.16051364365969878,3.370786516853932
2026-01-19,12.46,12.46,12.19,12.21,14777142.0,182796084.0,1110606175.0,0.013305474373037769,-0.2699999999999996,-2.1634615384615308,2.163461538461549
2026-01-20,12.23,12.29,11.97,12.05,14057501.0,171223366.0,1110606175.0,0.0126575030073104,-0.16000000000000014,-1.3104013104013101,2.6208026208026083
2026-01-21,12.64,13.03,12.15,12.21,39036410.0,489563644.0,1110606175.0,0.035148742082223704,0.16000000000000014,1.327800829875514,7.302904564315344
2026-01-22,12.32,12.34,12.04,12.21,23179198.0,284620372.0,1110606175.0,0.020870762761606293,0.0,0.0,2.4570024570024627
2026-01-23,12.17,12.35,12.09,12.31,19663542.0,243145019.0,1110606175.0,0.017705233810716026,0.09999999999999964,0.8190008190008147,2.1294021294021275
2026-01-26,12.31,12.36,11.68,11.81,27214708.0,326734405.0,1110606175.0,0.024504373028540024,-0.5,-4.061738424045491,5.523964256701866
2026-01-27,11.78,11.86,11.51,11.81,14779853.0,173964482.0,1110606175.0,0.013307915382336137,0.0,0.0,2.9635901778154077
2026-01-28,11.75,11.93,11.68,11.68,13300624.0,157635463.0,1110606175.0,0.011976004005200134,-0.13000000000000078,-1.1007620660457351,2.1168501270110074
2026-01-29,11.61,11.91,11.44,11.66,15288137.0,180882770.0,1110606175.0,0.013765578964118402,-0.019999999999999574,-0.1712328767123239,4.023972602739732
2026-01-30,11.67,11.72,11.45,11.53,12754517.0,148505378.0,1110606175.0,0.011484284246843847,-0.13000000000000078,-1.1149228130360234,2.315608919382516
2026-02-02,11.51,11.73,11.37,11.4,15877863.0,184622733.0,1110606175.0,0.014296573670680338,-0.129999999999999,-1.1274934952298254,3.122289679098016
2026-02-03,11.5,11.7,11.49,11.59,12940602.0,151226802.0,1110606175.0,0.011651836889885832,0.1899999999999995,1.6666666666666607,1.8421052631578867
2026-02-04,11.56,11.61,11.44,11.6,11158952.0,129402302.0,1110606175.0,0.01004762286685467,0.009999999999999787,0.08628127696290733,1.4667817083692831
2026-02-05,11.54,11.7,11.51,11.6,9970482.0,116593429.0,1110606175.0,0.008977513563707675,0.0,0.0,1.6379310344827542
2026-02-06,11.54,11.69,11.42,11.54,9361001.0,109220512.0,1110606175.0,0.008428731273711854,-0.0600000000000005,-0.5172413793103514,2.327586206896548
2026-02-09,11.67,11.82,11.65,11.8,12174952.0,144212063.0,1110606175.0,0.010962438598002573,0.26000000000000156,2.253032928942811,1.4731369150779892
2026-02-10,11.83,12.24,11.77,12.11,19595869.0,239124793.0,1110606175.0,0.017644300419993614,0.3099999999999987,2.627118644067794,3.9830508474576325
2026-02-11,12.1,12.2,12.03,12.06,11892807.0,145021046.0,1110606175.0,0.01070839264872627,-0.049999999999998934,-0.41288191577207867,1.4037985136251028
2026-02-12,12.03,12.09,11.85,11.87,9182600.0,110141118.0,1110606175.0,0.008268097374841266,-0.19000000000000128,-1.5754560530680028,1.9900497512437827
2026-02-13,11.85,11.95,11.78,11.78,9171400.0,109686255.0,1110606175.0,0.008258012791978218,-0.08999999999999986,-0.7582139848357206,1.43218197135636
2026-02-24,11.91,12.1,11.69,11.76,11908793.0,142016348.0,1110606175.0,0.010722786589944902,-0.019999999999999574,-0.1697792869269965,3.480475382003397
2026-02-25,11.78,11.91,11.7,11.76,11294600.0,134301475.0,1110606175.0,0.010169761571873126,0.0,0.0,1.785714285714293
2026-02-26,11.77,11.88,11.69,11.86,10930800.0,129941704.0,1110606175.0,0.009842192710660915,0.09999999999999964,0.8503401360544283,1.6156462585034121
2026-02-27,11.85,11.85,11.65,11.79,10261806.0,121485603.0,1110606175.0,0.009239824368885758,-0.07000000000000028,-0.590219224283306,1.6863406408094375
2026-03-02,11.63,11.77,11.22,11.31,18719389.0,214962994.0,1110606175.0,0.01685510977822539,-0.47999999999999865,-4.071246819338414,4.6649703138252665
2026-03-03,11.35,11.41,10.8,10.82,20576581.0,229498536.0,1110606175.0,0.01852734251184944,-0.4900000000000002,-4.332449160035368,5.393457117595044
2026-03-04,10.73,10.79,10.55,10.59,14012859.0,150521671.0,1110606175.0,0.012617306940509313,-0.23000000000000043,-2.1256931608133134,2.218114602587786
2026-03-05,10.81,11.12,10.75,10.95,16161971.0,179064877.0,1110606175.0,0.014552387123185228,0.35999999999999943,3.399433427762033,3.4938621340887557
2026-03-06,10.92,11.03,10.9,10.99,8973400.0,99177258.0,1110606175.0,0.008079731773506483,0.040000000000000924,0.36529680365298134,1.1872146118721372
2026-03-09,10.81,10.99,10.62,10.92,12330355.0,133799157.0,1110606175.0,0.011102364886454913,-0.07000000000000028,-0.6369426751592355,3.366696997270255
2026-03-10,11.02,11.14,10.96,11.1,9926353.0,110451228.0,1110606175.0,0.008937779406818083,0.17999999999999972,1.6483516483516425,1.6483516483516456
2026-03-11,11.11,11.32,11.09,11.2,12104900.0,136913082.0,1110606175.0,0.010899363133830947,0.09999999999999964,0.9009009009008917,2.0720720720720758
2026-03-12,11.15,11.23,11.01,11.04,8623467.0,96313230.0,1110606175.0,0.007764648886451581,-0.16000000000000014,-1.4285714285714346,1.9642857142857202
2026-03-13,11.02,11.2,10.95,10.99,8559135.0,95613617.0,1110606175.0,0.007706723762813583,-0.049999999999998934,-0.45289855072462304,2.264492753623189
2026-03-16,10.97,11.08,10.88,11.07,8025793.0,88934662.0,1110606175.0,0.007226497727693617,0.08000000000000007,0.7279344858962755,1.819836214740667
2026-03-17,11.11,11.32,11.02,11.05,14409995.0,162354631.0,1110606175.0,0.012974891842286038,-0.019999999999999574,-0.18066847335139746,2.710027100271009
2026-03-18,11.12,11.24,11.0,11.2,9174607.0,102644265.0,1110606175.0,0.00826090040423195,0.14999999999999858,1.3574660633484115,2.1719457013574677
2026-03-19,11.09,11.13,10.93,11.0,10270162.0,114140821.0,1110606175.0,0.009247348188028939,-0.1999999999999993,-1.7857142857142794,1.7857142857142954
2026-03-20,11.11,11.14,10.72,10.72,11705611.0,128619665.0,1110606175.0,0.010539839651080636,-0.27999999999999936,-2.5454545454545396,3.818181818181818
2026-03-23,10.52,10.55,10.04,10.16,16863800.0,174560967.0,1110606175.0,0.015184320400523615,-0.5600000000000005,-5.223880597014929,4.7574626865671785
2026-03-24,10.32,10.47,10.15,10.47,11410756.0,118459311.0,1110606175.0,0.010274349501073142,0.3100000000000005,3.0511811023621993,3.1496062992126013
2026-03-25,10.48,10.74,10.48,10.69,8631605.0,92585959.0,1110606175.0,0.007771976416392607,0.21999999999999886,2.101241642788909,2.4832855778414498
2026-03-26,10.68,10.79,10.56,10.62,7671300.0,82349810.0,1110606175.0,0.006907308974758762,-0.07000000000000028,-0.6548175865294659,2.1515434985968067
2026-03-27,10.54,11.02,10.49,11.0,15855259.0,173455087.0,1110606175.0,0.014276220821480666,0.3800000000000008,3.578154425612068,4.990583804143121
2026-03-30,10.62,10.96,10.08,10.91,36531890.0,385417531.0,1110606175.0,0.032893649272209384,-0.08999999999999986,-0.8181818181818179,8.000000000000007
2026-03-31,10.87,11.12,10.81,10.85,16106762.0,178116583.0,1110606175.0,0.014502676432534693,-0.0600000000000005,-0.5499541704858002,2.8414298808432514
2026-04-01,11.03,11.04,10.76,10.83,9795900.0,107234247.0,1110606175.0,0.00882031832751155,-0.019999999999999574,-0.18433179723501558,2.5806451612903167
2026-04-02,10.78,10.82,10.43,10.51,10171200.0,108506388.0,1110606175.0,0.00915824189434207,-0.3200000000000003,-2.9547553093259515,3.6011080332410024
2026-04-03,10.58,10.64,10.43,10.52,8978302.0,95421146.0,1110606175.0,0.008084145579327434,0.009999999999999787,0.09514747859180606,1.9980970504281719
2026-04-07,10.52,10.9,10.52,10.8,8929400.0,97010236.0,1110606175.0,0.008040113769401652,0.28000000000000114,2.6615969581749166,3.6121673003802353
2026-04-08,10.92,11.58,10.87,11.46,23667139.0,267901387.0,1110606175.0,0.02131010931935436,0.6600000000000001,6.111111111111112,6.574074074074082
2026-04-09,11.51,12.19,11.46,11.89,38768676.0,464646616.0,1110606175.0,0.034907671929700915,0.4299999999999997,3.752181500872598,6.369982547993007
2026-04-10,11.93,12.18,11.91,11.91,23408384.0,282452990.0,1110606175.0,0.02107712394089651,0.019999999999999574,0.1682085786375076,2.270815811606388
2026-04-13,11.83,11.99,11.72,11.77,13551175.0,160961828.0,1110606175.0,0.012201602426710801,-0.14000000000000057,-1.1754827875734675,2.267002518891684
2026-04-14,11.81,11.96,11.75,11.84,11238200.0,133839719.0,1110606175.0,0.010118978493884207,0.07000000000000028,0.5947323704333041,1.7841971112999222
2026-04-15,11.88,11.98,11.69,11.83,11014668.0,131402985.0,1110606175.0,0.009917708228121458,-0.009999999999999787,-0.08445945945946276,2.449324324324332
2026-04-16,11.82,11.92,11.63,11.84,16055200.0,190557069.0,1110606175.0,0.014456249534178936,0.009999999999999787,0.08453085376161074,2.4513947590870595
2026-04-17,11.77,12.16,11.73,12.1,16286466.0,197299503.0,1110606175.0,0.014664483564572292,0.2599999999999998,2.195945945945943,3.6317567567567544
2026-04-20,12.09,12.21,11.96,12.07,17726845.0,215862254.0,1110606175.0,0.0159614140449021,-0.02999999999999936,-0.24793388429751317,2.066115702479339
2026-04-21,12.66,12.84,12.27,12.28,48606657.0,613058312.0,1110606175.0,0.04376588037609281,0.20999999999999908,1.73985086992543,4.722452361226183
2026-04-22,12.22,12.78,12.19,12.75,40501371.0,513025112.0,1110606175.0,0.03646780642111953,0.47000000000000064,3.827361563517928,4.804560260586318
2026-04-23,12.69,12.93,12.46,12.57,22615550.0,287744194.0,1110606175.0,0.02036324892574994,-0.17999999999999972,-1.4117647058823457,3.686274509803913
2026-04-24,12.53,12.75,12.42,12.53,19081424.0,241527112.0,1110606175.0,0.01718108941722749,-0.040000000000000924,-0.31821797931583795,2.625298329355609
2026-04-27,12.53,12.98,12.43,12.91,31490461.0,406407423.0,1110606175.0,0.02835430029911368,0.3800000000000008,3.032721468475663,4.389465283320037
2026-04-28,12.82,12.91,12.59,12.68,19142465.0,245269823.0,1110606175.0,0.017236051294240284,-0.23000000000000043,-1.7815646785437678,2.4786986831913267
2026-04-29,12.6,12.72,12.49,12.59,14079117.0,178377661.0,1110606175.0,0.012676966252236082,-0.08999999999999986,-0.7097791798107211,1.8138801261829687
2026-04-30,12.59,12.67,12.49,12.6,14244378.0,180467339.0,1110606175.0,0.012825768774426273,0.009999999999999787,0.0794281175536149,1.4297061159650495
2026-05-06,12.61,12.9,12.61,12.77,21625523.0,278780101.0,1110606175.0,0.01947181952234328,0.16999999999999993,1.3492063492063444,2.301587301587309
2026-05-07,12.78,12.88,12.73,12.77,12782800.0,164786136.0,1110606175.0,0.011509750519800594,0.0,0.0,1.1746280344557585
2026-05-08,12.73,13.12,12.6,12.87,16109080.0,209080970.0,1110606175.0,0.014504763581023669,0.09999999999999964,0.7830853563038254,4.07204385277995
2026-05-11,12.87,13.02,12.74,12.81,15398863.0,198894775.0,1110606175.0,0.013865277671448207,-0.05999999999999872,-0.4662004662004615,2.1756021756021706
2026-05-12,12.83,12.85,12.51,12.58,13675569.0,174254303.0,1110606175.0,0.012313607926770262,-0.23000000000000043,-1.795472287275568,2.654176424668227
2026-05-13,12.57,12.67,12.5,12.59,11561360.0,146711841.0,1110606175.0,0.010409954725850502,0.009999999999999787,0.07949125596184992,1.3513513513513506
2026-05-14,12.61,12.65,12.28,12.31,14092855.0,176393390.0,1110606175.0,0.01268933607360863,-0.27999999999999936,-2.223987291501184,2.938840349483725
2026-05-15,12.33,12.48,12.12,12.21,12856000.0,159358975.0,1110606175.0,0.011575660472084085,-0.09999999999999964,-0.8123476848091005,2.924451665312764
2026-05-18,12.16,12.24,11.97,12.11,13554900.0,164781837.0,1110606175.0,0.012204956450921949,-0.10000000000000142,-0.8190008190008258,2.2113022113022076
2026-05-19,12.14,12.51,12.07,12.49,12203258.0,151083736.0,1110606175.0,0.010987925580370558,0.3800000000000008,3.137902559867878,3.6333608587943806
2026-05-20,12.51,12.9,12.43,12.75,24451485.0,313909098.0,1110606175.0,0.022016341661345435,0.2599999999999998,2.081665332265814,3.7630104083266662
2026-05-21,12.75,13.12,12.47,12.47,24093500.0,311623523.0,1110606175.0,0.021694008679539353,-0.27999999999999936,-2.196078431372539,5.0980392156862635
2026-05-22,12.48,12.61,12.16,12.39,18477700.0,229073482.0,1110606175.0,0.01663749078290511,-0.08000000000000007,-0.6415396952686447,3.608660785886121
2026-05-25,12.41,12.58,12.17,12.5,16827991.0,209849129.0,1110606175.0,0.015152077648046573,0.10999999999999943,0.8878127522195189,3.309120258272802
2026-05-26,12.32,12.32,11.87,11.97,20864100.0,252595492.0,1110606175.0,0.01878622726008164,-0.5299999999999994,-4.239999999999999,3.6000000000000085
2026-05-27,11.95,12.1,11.6,11.69,13463597.0,160209478.0,1110606175.0,0.012122746391176872,-0.28000000000000114,-2.3391812865497186,4.177109440267335
2026-05-28,11.44,11.88,11.4,11.74,11215505.0,131443254.0,1110606175.0,0.010098543707448773,0.05000000000000071,0.42771599657827064,4.106073567151415
2026-05-29,11.83,11.94,11.32,11.43,15319118.0,177800057.0,1110606175.0,0.013793474541054123,-0.3100000000000005,-2.640545144804096,5.28109028960817
2026-06-01,11.37,11.83,11.35,11.59,16392776.0,192235001.0,1110606175.0,0.014760206064944669,0.16000000000000014,1.3998250218722585,4.199475065616802
2026-06-02,11.64,11.8,11.27,11.31,14774660.0,170899945.0,1110606175.0,0.013303239557442583,-0.27999999999999936,-2.415875754961172,4.572907679033659
2026-06-03,11.37,11.45,11.14,11.21,11102400.0,126324572.0,1110606175.0,0.009996702926669753,-0.09999999999999964,-0.8841732979663952,2.740937223695833
2026-06-04,11.16,11.27,10.82,10.91,11081002.0,122810665.0,1110606175.0,0.009977435970946226,-0.3000000000000007,-2.67618198037467,4.014272970561992
2026-06-05,10.92,11.28,10.74,11.02,11871004.0,132096736.0,1110606175.0,0.01068876102728314,0.10999999999999943,1.0082493125572745,4.949587534372127
2026-06-08,10.92,11.1,10.62,10.81,17313315.0,189237983.0,1110606175.0,0.01558906783495959,-0.20999999999999908,-1.9056261343012637,4.355716878402908
2026-06-09,10.8,10.91,10.42,10.55,14596974.0,155413904.0,1110606175.0,0.013143249451138699,-0.2599999999999998,-2.405180388529138,4.532839962997227
2026-06-10,10.5,10.69,10.11,10.43,21176567.0,221522909.0,1110606175.0,0.019067575416641277,-0.120000000000001,-1.1374407582938506,5.497630331753555
2026-06-11,10.4,10.42,9.87,9.97,19009776.0,192468444.0,1110606175.0,0.017116576899997876,-0.4599999999999991,-4.410354745925204,5.2732502396931995
2026-06-12,10.12,10.2,9.92,10.02,14482300.0,146182249.0,1110606175.0,0.013039995928349668,0.049999999999998934,0.5015045135406071,2.808425275827476
2026-06-15,10.02,10.91,10.02,10.82,25731536.0,272113899.0,1110606175.0,0.023168911337990716,0.8000000000000007,7.984031936127756,8.882235528942122
2026-06-16,10.82,11.77,10.75,11.57,37869928.0,432998966.0,1110606175.0,0.03409843097621891,0.75,6.931608133086886,9.426987060998147
2026-06-17,11.49,12.23,11.38,12.15,33129778.0,399041854.0,1110606175.0,0.029830356381730004,0.5800000000000001,5.012964563526356,7.3465859982713875
2026-06-18,12.11,12.76,11.93,12.3,33880480.0,418459029.0,1110606175.0,0.03050629535712783,0.15000000000000036,1.2345679012345734,6.831275720164609
